sku,title_en,description_en,title_el,description_el,price,sizes,colours,fabric,short_desc_en,short_desc_el,category_id,manufacturer_id
DY3418,Girls' camisole leotard,"Girls' camisole leotard for dance practice and performance. Available in Sky Blue and sizes SC,MC,LC,XLC.",Κοριτσίστικο κορμάκι με λεπτές τιράντες,"Κοριτσίστικο κορμάκι με λεπτές τιράντες για προπόνηση και παραστάσεις χορού. Διατίθεται στα αναγραφόμενα χρώματα και στα μεγέθη SC,MC,LC,XLC.",19,SC|MC|LC|XLC,Sky Blue,,Girls' camisole leotard for dance.,Κοριτσίστικο κορμάκι με λεπτές τιράντες για χορό.,40,
DY3216,Girls' tank leotard with rhinestones,"Girls' tank leotard with rhinestones for dance practice and performance. Available in Lavender, Black and sizes SC,MC,LC,XLC.",Κοριτσίστικο αμάνικο κορμάκι με στρας,"Κοριτσίστικο αμάνικο κορμάκι με στρας για προπόνηση και παραστάσεις χορού. Διατίθεται στα αναγραφόμενα χρώματα και στα μεγέθη SC,MC,LC,XLC.",30,SC|MC|LC|XLC,Lavender|Black,,Girls' tank leotard with rhinestones for dance.,Κοριτσίστικο αμάνικο κορμάκι με στρας για χορό.,40,
DY3623,Girls' empire dance dress,"Girls' empire dance dress for dance practice and performance. Available in Pink, Pale Blue and sizes SC,MC,LC,XLC.",Κοριτσίστικο φόρεμα χορού σε γραμμή empire,"Κοριτσίστικο φόρεμα χορού σε γραμμή empire για προπόνηση και παραστάσεις χορού. Διατίθεται στα αναγραφόμενα χρώματα και στα μεγέθη SC,MC,LC,XLC.",32,SC|MC|LC|XLC,Pink|Pale Blue,,Girls' empire dance dress for dance.,Κοριτσίστικο φόρεμα χορού σε γραμμή empire για χορό.,41,
DY3118,Women's short-sleeve leotard,"Women's short-sleeve leotard for dance practice and performance. Available in Sunset Red, Black and sizes SA,MA,LA,XLA.",Γυναικείο κορμάκι με κοντό μανίκι,"Γυναικείο κορμάκι με κοντό μανίκι για προπόνηση και παραστάσεις χορού. Διατίθεται στα αναγραφόμενα χρώματα και στα μεγέθη SA,MA,LA,XLA.",35,SA|MA|LA|XLA,Sunset Red|Black,,Women's short-sleeve leotard for dance.,Γυναικείο κορμάκι με κοντό μανίκι για χορό.,29,
DY3119,Women's short-sleeve lace leotard,"Women's short-sleeve lace leotard for dance practice and performance. Available in Amethyst, Burgundy, Black and sizes SA,MA,LA,XLA,XXLA.",Γυναικείο κορμάκι με κοντό μανίκι και δαντέλα,"Γυναικείο κορμάκι με κοντό μανίκι και δαντέλα για προπόνηση και παραστάσεις χορού. Διατίθεται στα αναγραφόμενα χρώματα και στα μεγέθη SA,MA,LA,XLA,XXLA.",37,SA|MA|LA|XLA|XXLA,Amethyst|Burgundy|Black,Lace,Women's short-sleeve lace leotard for dance.,Γυναικείο κορμάκι με κοντό μανίκι και δαντέλα για χορό.,29,
DY3120,Women's short-sleeve lace leotard - wide neckline,"Women's short-sleeve lace leotard for dance practice and performance. Available in Black and sizes LC,XLC,SA,MA,LA.",Κορμάκι με κοντό μανίκι και δαντέλα - φαρδιά λαιμόκοψη,"Γυναικείο κορμάκι με κοντό μανίκι και δαντέλα για προπόνηση και παραστάσεις χορού. Διατίθεται στα αναγραφόμενα χρώματα και στα μεγέθη LC,XLC,SA,MA,LA.",36,LC|XLC|SA|MA|LA,Black,Lace,Women's short-sleeve lace leotard for dance.,Γυναικείο κορμάκι με κοντό μανίκι και δαντέλα για χορό.,29,
DY3626,Women's mesh camisole leotard with skirt,"Women's mesh camisole leotard with skirt for dance practice and performance. Available in Black and sizes LC,SA,MA,LA.","Γυναικείο κορμάκι με λεπτές τιράντες, διχτυωτό ύφασμα και φούστα","Γυναικείο κορμάκι με λεπτές τιράντες, διχτυωτό ύφασμα και φούστα για προπόνηση και παραστάσεις χορού. Διατίθεται στα αναγραφόμενα χρώματα και στα μεγέθη LC,SA,MA,LA.",40,LC|SA|MA|LA,Black,Mesh,Women's mesh camisole leotard with skirt for dance.,"Γυναικείο κορμάκι με λεπτές τιράντες, διχτυωτό ύφασμα και φούστα για χορό.",29,
DY5116,Women's power-mesh layer top,"Women's power-mesh layer top for dance practice and performance. Available in Lila, Royal Blue, Black and sizes One Size.",Γυναικεία μπλούζα από ελαστικό διχτυωτό ύφασμα,Γυναικεία μπλούζα από ελαστικό διχτυωτό ύφασμα για προπόνηση και παραστάσεις χορού. Διατίθεται στα αναγραφόμενα χρώματα και στα μεγέθη One Size.,14,One Size,Lila|Royal Blue|Black,Power Mesh,Women's power-mesh layer top for dance.,Γυναικεία μπλούζα από ελαστικό διχτυωτό ύφασμα για χορό.,29,
DY7704,Character skirt,"Character skirt for dance practice and performance. Available in Pink, Sky Blue, Purple and sizes SC,MC,LC,XLC,MA.",Φούστα character,"Φούστα character για προπόνηση και παραστάσεις χορού. Διατίθεται στα αναγραφόμενα χρώματα και στα μεγέθη SC,MC,LC,XLC,MA.",36,SC|MC|LC|XLC|MA,Pink|Sky Blue|Purple,,Character skirt for dance.,Φούστα character για χορό.,27,
DY1468,Flyknit jazz sneakers,"Light-tan Flyknit jazz sneakers, available in sizes 36 to 43.",Πλεκτά παπούτσια jazz,"Πλεκτά παπούτσια jazz σε ανοιχτό μπεζ, διαθέσιμα στα μεγέθη 36 έως 43.",51,36|37|38|39|40|41|42|43,Light Tan,Flyknit,Flyknit jazz sneakers,Πλεκτά παπούτσια jazz,64,
DY1474,Dance sneakers,"White dance sneakers, available in sizes 37 to 42.",Αθλητικά παπούτσια χορού,"Λευκά αθλητικά παπούτσια χορού, διαθέσιμα στα μεγέθη 37 έως 42.",72,37|38|39|40|41|42,White,,Dance sneakers,Αθλητικά παπούτσια χορού,64,
DY8017,Ballet-shoe hair clip,"Hair clip decorated with ballet shoes, available in pink and purple.",Κλιπ μαλλιών με παπούτσια μπαλέτου,"Κλιπ μαλλιών διακοσμημένο με παπούτσια μπαλέτου, διαθέσιμο σε ροζ και μωβ.",4,,Pink|Purple,,Ballet-shoe hair clip,Κλιπ μαλλιών με παπούτσια μπαλέτου,52,
DY8011,Hairpin kit,Hairpin kit for securing dance hairstyles.,Σετ φουρκετών,Σετ φουρκετών για τη σταθερή συγκράτηση χτενισμάτων χορού.,6,,,,Hairpin kit,Σετ φουρκετών,52,
DY8308,Ribbon with sewn elastic,Dance-shoe ribbon with sewn elastic.,Κορδέλα με ραμμένο λάστιχο,Κορδέλα παπουτσιών χορού με ραμμένο λάστιχο.,7,,,,Ribbon with sewn elastic,Κορδέλα με ραμμένο λάστιχο,52,
DY82027,Ouch pouch,"Toe pouch for cushioning inside pointe shoes, available in sizes S, M and L.",Προστατευτικό δαχτύλων Ouch Pouch,"Προστατευτικό δαχτύλων για απορρόφηση της πίεσης μέσα στα παπούτσια pointe, διαθέσιμο σε μεγέθη S, M και L.",16,S|M|L,,,Ouch pouch,Προστατευτικό δαχτύλων Ouch Pouch,52,
DY8203,Printed ouch pouch,"Printed toe pouch for cushioning inside pointe shoes, available in sizes S, M and L.",Εμπριμέ προστατευτικό δαχτύλων Ouch Pouch,"Εμπριμέ προστατευτικό δαχτύλων για απορρόφηση της πίεσης μέσα στα παπούτσια pointe, διαθέσιμο σε μεγέθη S, M και L.",16,S|M|L,,,Printed ouch pouch,Εμπριμέ προστατευτικό δαχτύλων Ouch Pouch,52,
DY8712,Flesh-tone knee pads,"Flesh-tone knee pads for dance practice, available in sizes XS to XL.",Επιγονατίδες σε απόχρωση δέρματος,"Επιγονατίδες σε απόχρωση δέρματος για προπόνηση χορού, διαθέσιμες σε μεγέθη XS έως XL.",21,XS|S|M|L|XL,Flesh,,Flesh-tone knee pads,Επιγονατίδες σε απόχρωση δέρματος,52,
DY8010,Medium-strength stretching band,Medium-strength resistance band for stretching exercises.,Λάστιχο διατάσεων μεσαίας αντίστασης,Λάστιχο μεσαίας αντίστασης για ασκήσεις διατάσεων.,9,,,,Medium-strength stretching band,Λάστιχο διατάσεων μεσαίας αντίστασης,52,
DY8027,Elastic stretch band,Pink elastic stretch band measuring 97 cm.,Ελαστική λουρίδα stretching,Ροζ ελαστικό λάστιχο διατάσεων μήκους 97 cm.,8,,Pink|Sky Blue|Lavender,,"Pink elastic stretch band, 97 cm",Ροζ ελαστικό λάστιχο διατάσεων 97 cm,52,
DY8003,Non-slip ballet dance mouse pad,Non-slip computer mouse pad with a ballet-dance design.,Αντιολισθητικό mouse pad με θέμα το μπαλέτο,Αντιολισθητικό mouse pad υπολογιστή με σχέδιο εμπνευσμένο από το μπαλέτο.,6,,,,Non-slip ballet dance mouse pad,Αντιολισθητικό mouse pad με θέμα το μπαλέτο,52,
DY8139,Ballet-shoe pencil case,Pencil case with a ballet-shoe design.,Κασετίνα με σχέδιο παπουτσιού μπαλέτου,Κασετίνα με σχέδιο παπουτσιού μπαλέτου.,16,,,,Ballet-shoe pencil case,Κασετίνα με σχέδιο παπουτσιού μπαλέτου,52,
DY8026,Ballerina umbrella,Umbrella with a ballerina design.,Ομπρέλα με σχέδιο μπαλαρίνας,Ομπρέλα με σχέδιο μπαλαρίνας.,30,,,,Ballerina umbrella,Ομπρέλα με σχέδιο μπαλαρίνας,52,
DY8131,Little girls' dance bag,Dance bag designed for young girls.,Τσάντα χορού για μικρά κορίτσια,Τσάντα χορού σχεδιασμένη για μικρά κορίτσια.,25,,,,Little girls' dance bag,Τσάντα χορού για μικρά κορίτσια,48,
DY8103,Metallic duffle dance bag,"Metallic duffle bag for carrying dancewear and accessories, available in fuchsia, blue and black.",Μεταλλιζέ τσάντα χορού duffle,"Μεταλλιζέ τσάντα duffle για τη μεταφορά ρούχων και αξεσουάρ χορού, διαθέσιμη σε φούξια, μπλε και μαύρο.",40,,Fuchsia|Blue|Black,,Metallic duffle dance bag,Μεταλλιζέ τσάντα χορού duffle,48,
