sku,title_en,description_en,title_el,description_el,price,sizes,colours,fabric,short_desc_en,short_desc_el
26,Cap Sleeve Velour Leotard 26,Cap Sleeve Velour Leotard. Sizes: MC|LC|XLC|SA|MA|LA|XLA.,Λεοκάρδα 26,Λεοκάρδα 26. Μέγέθη: MC|LC|XLC|SA|MA|LA|XLA.,13.45,MC|LC|XLC|SA|MA|LA|XLA,Burgundy|Navy|Black,Velour,,
29,Short Sleeve Laced Leotard 29,Short Sleeve Laced Leotard. Colours: Black. Sizes: XSC|SC|MC|LC|XLC.,Λεοκάρδα 29,Λεοκάρδα 29. Χρώματα: Μαύρο. Μέγέθη: XSC|SC|MC|LC|XLC.,13.45,XSC|SC|MC|LC|XLC,Lavender|Black,,,
4AXH,4AXH,4AXH.,Dance You 4AXH,Dance You 4AXH.,,,,,,
4BXH,4BXH,4BXH.,Dance You 4BXH,Dance You 4BXH.,,,,,,
4CXH,4CXH,4CXH.,Dance You 4CXH,Dance You 4CXH.,,,,,,
4DXH,4DXH,4DXH.,Dance You 4DXH,Dance You 4DXH.,,,,,,
62,Dance Sweater 62,"Dance Sweater. Colours: Black, Pink. Sizes: SC|LC|XXLC|MA|XLA.",Dance You 62,"Dance You 62. Χρώματα: Black, Ροζ. Μέγέθη: SC|LC|XXLC|MA|XLA.",7.45,SC|LC|XXLC|MA|XLA,Pink|Black,,,
80157J,80157J,80157J.,Dance You 80157J,Dance You 80157J.,,,,,,
8A,Camisole Leotard (Underlayers) 8A,Camisole Leotard (Underlayers). Sizes: TS|MC|LC|SM|LXL.,Λεοκάρδα με λάστιχα 8A,Λεοκάρδα με λάστιχα 8A. Μέγέθη: TS|MC|LC|SM|LXL.,7.45,TS|MC|LC|SM|LXL,Nude,,,
8B,Women’s Dance Bra (Underlayers) 8B,Women’s Dance Bra (Underlayers). Sizes: SM|LXL.,Σουτιέν χορού 8B,Σουτιέν χορού 8B. Μέγέθη: SM|LXL.,7.45,SM|LXL,Nude,,,
8C,Women’s Dance Brief (Underlayers) 8C,Women’s Dance Brief (Underlayers). Sizes: SA|MA|LA.,Σλιπ χορού 8C,Σλιπ χορού 8C. Μέγέθη: SA|MA|LA.,3.95,SA|MA|LA,Nude,,,
912W2,912W2,912W2.,Dance You 912W2,Dance You 912W2.,,,,,,
921W3,921W3,921W3.,Dance You 921W3,Dance You 921W3.,,,,,,
922W3,922W3,922W3.,Dance You 922W3,Dance You 922W3.,,,,,,
94MWD,Purple Shinny Barrel Bag 94MWD,Purple Shinny Barrel Bag.,Dance You 94MWD,Dance You 94MWD.,9.25,,,,,
952WE,Pink Dance Sling Bag 952WE,Pink Dance Sling Bag.,Dance You 952WE,Dance You 952WE.,4.95,,,,,
962WF,Pink Dance Backpack 962WF,Pink Dance Backpack. Sizes: S|M|L.,Dance You 962WF,Dance You 962WF. Μέγέθη: S|M|L.,4.95,S|M|L,Pink|Lavender|Sky Blue|Red|Royal Blue,,,
DZ002,Short Sleeve Laced Leotard DZ002,Short Sleeve Laced Leotard. Colours: Powder Blue. Sizes: XSC|SC|MC|LC|XLC|SA|MA|LA.,Λεοκάρδα DZ002,Λεοκάρδα DZ002. Χρώματα: Powder Μπλε. Μέγέθη: XSC|SC|MC|LC|XLC|SA|MA|LA.,15.95,XSC|SC|MC|LC|XLC|SA|MA|LA,Pink|Powder Blue,,,
DZ004,Flutter Sleeve Leotard w/Flower embroidery DZ004,"Flutter Sleeve Leotard w/Flower embroidery. Colours: Cherry, Dandelion, Green, Lavender, Purple, Salmon Pink. Sizes: XSC|SC|MC|LC|XLC|SA|MA|LA|XLA.",Λεοκάρδα με αέρινα μανίκια DZ004,"Λεοκάρδα με αέρινα μανίκια DZ004. Χρώματα: Cherry, Dandelion, Green, Lavender, Purple, Salmon Ροζ. Μέγέθη: XSC|SC|MC|LC|XLC|SA|MA|LA|XLA.",15.95,XSC|SC|MC|LC|XLC|SA|MA|LA|XLA,Dandelion/Lavender|Cherry/Cherry,,,
DZ007,Cap Sleeve Leotard DZ007,"Cap Sleeve Leotard. Colours: Avocado, Flamingo. Sizes: SC|MC|LC|XLC|SA|MA|LA|XLA.",Λεοκάρδα με κοντά μανίκια DZ007,"Λεοκάρδα με κοντά μανίκια DZ007. Χρώματα: Avocado, Flamingo. Μέγέθη: SC|MC|LC|XLC|SA|MA|LA|XLA.",15.95,SC|MC|LC|XLC|SA|MA|LA|XLA,Avocado|Flamingo|Black,,,
DZ008,Sleeveless Leotard w/motifs DZ008,"Sleeveless Leotard w/motifs. Colours: Navy, Pea Green. Sizes: XSC|SC|MC|LC|XLC|SA|MA|LA.",Λεοκάρδα DZ008,"Λεοκάρδα DZ008. Χρώματα: Navy, Pea Πράσινο. Μέγέθη: XSC|SC|MC|LC|XLC|SA|MA|LA.",15.95,XSC|SC|MC|LC|XLC|SA|MA|LA,Pea Green|Navy/Red,,,
LTC1227,LTC1227,"LTC1227. Colours: A02 Black, A02 Navy Blue.",Dance You LTC1227,"Dance You LTC1227. Χρώματα: A02 Black, A02 Navy Μπλε.",,,A02 Black|A02 Navy Blue,,,
LTC1764,Wide Strap Leotard w/Side LTC1764,"Wide Strap Leotard w/Side. Colours: A01 Black, A01 Dusty Rose. Sizes: SA|MA|LA.",Λεοκάρδα LTC1764,"Λεοκάρδα LTC1764. Χρώματα: A01 Black, A01 Dusty Rose. Μέγέθη: SA|MA|LA.",15.95,SA|MA|LA,Dusty Rose|Black,,,
LTC24001,High Cut Leotard w/ LTC24001,"High Cut Leotard w/. Colours: A11 Jade Green, A11 Lavender, A11 Light Yellow, A11 Sky Blue. Sizes: SA|MA|LA.",Λεοκάρδα LTC24001,"Λεοκάρδα LTC24001. Χρώματα: A11 Jade Green, A11 Lavender, A11 Light Yellow, A11 Γαλάζιο Μπλε. Μέγέθη: SA|MA|LA.",17.95,SA|MA|LA,Light Yellow|Sky Blue,,,
LTCH25088,LTCH25088,"LTCH25088. Colours: A04 Mauve Lotus, A04 Nude.",Dance You LTCH25088,"Dance You LTCH25088. Χρώματα: A04 Mauve Lotus, A04 Δέρμα.",,,A04 Mauve Lotus|A04 Nude,,,
LTEY26039,Short Sleeve Tutu Leotard LTEY26039,"Short Sleeve Tutu Leotard. Colours: B03 Lavender, B03 Lime Green. Sizes: SC|MC|LC|XLC.",Λεοκάρδα LTEY26039,"Λεοκάρδα LTEY26039. Χρώματα: B03 Lavender, B03 Lime Πράσινο. Μέγέθη: SC|MC|LC|XLC.",8.45,SC|MC|LC|XLC,White|Pink|Sky Blue|Yellow|Light Green|Navy|Grey/Silver,,,
P12H,P12H,P12H.,Dance You P12H,Dance You P12H.,,,,,,
P3,P3,P3.,Dance You P3,Dance You P3.,,,,,,
P6,P6,P6.,Dance You P6,Dance You P6.,,,,,,
PS90W2J03,PS90W2J03,"PS90W2J03. Colours: 1 Royal Blue, 2 Red, 3 Sky Blue, 4 Lavender, Pink.",Dance You PS90W2J03,"Dance You PS90W2J03. Χρώματα: 1 Βασιλικό Blue, 2 Red, 3 Γαλάζιο Blue, 4 Lavender, Ροζ.",,,1 Royal Blue|2 Red|3 Sky Blue|4 Lavender|Pink,,,
PS90WJ02,PS90WJ02,"PS90WJ02. Colours: Lavender, Pink.",Dance You PS90WJ02,"Dance You PS90WJ02. Χρώματα: Lavender, Ροζ.",,,Lavender|Pink,,,
PS987,PS987,PS987. Colours: J01 Nude.,Dance You PS987,Dance You PS987. Χρώματα: J01 Δέρμα.,,,J01 Nude,,,
DY1302,DY1302,DY1302. Colours: Jazz Shoes.,Dance You DY1302,Dance You DY1302. Χρώματα: Jazz Shoes.,,,Jazz Shoes,,,
DY1305,DY1305,DY1305. Colours: Teacher_S Greek Sandals.,Dance You DY1305,Dance You DY1305. Χρώματα: Teacher_S Greek Sandals.,,,Teacher_S Greek Sandals,,,
DY1468,Flyknit Jazz Sneakers DY1468,"Flyknit Jazz Sneakers. Colours: Flyknit Jazz Sneakers, Flyknit Jazz Sneakers 2. Sizes: 36|37|38|39|40|41|42|43.",Sneakers Τζαζ DY1468,"Sneakers Τζαζ DY1468. Χρώματα: Flyknit Jazz Sneakers, Flyknit Jazz Sneakers 2. Μέγέθη: 36|37|38|39|40|41|42|43.",22.45,36|37|38|39|40|41|42|43,Light Tan,Flyknit,,
DY1474,Dance Sneakers DY1474,"Dance Sneakers. Colours: Sneakers, Sneakers 2. Sizes: 37|38|39|40|41|42.",Sneakers DY1474,"Sneakers DY1474. Χρώματα: Sneakers, Sneakers 2. Μέγέθη: 37|38|39|40|41|42.",31.95,37|38|39|40|41|42,White,,,
DY3118,Women’s Short Sleeve Leotard DY3118,"Women’s Short Sleeve Leotard. Colours: Black, Sunset, Sunset Red. Sizes: SA|MA|LA|XLA.",Λεοκάρδα με κοντά μανίκια DY3118,"Λεοκάρδα με κοντά μανίκια DY3118. Χρώματα: Black, Sunset, Sunset Κόκκινο. Μέγέθη: SA|MA|LA|XLA.",15.45,SA|MA|LA|XLA,Sunset Red|Black,,,
DY3119,Women’s Short Sleeve Leotard DY3119,"Women’s Short Sleeve Leotard. Colours: Black, Burgundy. Sizes: SA|MA|LA|XLA|XXLA.",Λεοκάρδα με κοντά μανίκια DY3119,"Λεοκάρδα με κοντά μανίκια DY3119. Χρώματα: Black, Burgundy. Μέγέθη: SA|MA|LA|XLA|XXLA.",16.45,SA|MA|LA|XLA|XXLA,Amethyst|Burgundy|Black,,,
DY3120,Women’s Short Sleeve Leotard DY3120,Women’s Short Sleeve Leotard. Sizes: LC|XLC|SA|MA|LA.,Λεοκάρδα με κοντά μανίκια DY3120,Λεοκάρδα με κοντά μανίκια DY3120. Μέγέθη: LC|XLC|SA|MA|LA.,15.75,LC|XLC|SA|MA|LA,Black,,,
DY3216,Girls’ Tank Leotard w/strauss DY3216,"Girls’ Tank Leotard w/strauss. Colours: -Black, Lilac. Sizes: SC|MC|LC|XLC.",Λεοκάρδα ολομέτωπη DY3216,"Λεοκάρδα ολομέτωπη DY3216. Χρώματα: -Black, Lilac. Μέγέθη: SC|MC|LC|XLC.",12.95,SC|MC|LC|XLC,Lavender|Black,,,
DY3506,DY3506,"DY3506. Colours: A Black, Black.",Dance You DY3506,"Dance You DY3506. Χρώματα: A Black, Μαύρο.",,,A Black|Black,,,
DY3626,Women’s Mesh Camisole Leotard DY3626,Women’s Mesh Camisole Leotard. Colours: Black. Sizes: LC|SA|MA|LA.,Λεοκάρδα με λάστιχα DY3626,Λεοκάρδα με λάστιχα DY3626. Χρώματα: Μαύρο. Μέγέθη: LC|SA|MA|LA.,17.45,LC|SA|MA|LA,Black,Mesh,,
DY5116,Women’s Power Mesh Layer Top DY5116,Women’s Power Mesh Layer Top. Colours: Mesh Layer Top. Sizes: One Size.,Τοπ δίχτυ DY5116,Τοπ δίχτυ DY5116. Χρώματα: Δίχτυ Layer Top. Μέγέθη: One Size.,5.95,One Size,Lila|Royal Blue|Black,Mesh,,
DY5401,DY5401,DY5401. Colours: Hot Shorts.,Dance You DY5401,Dance You DY5401. Χρώματα: Hot Shorts.,,,Hot Shorts,,,
DY7703,DY7703,DY7703. Colours: Character Skirt.,Dance You DY7703,Dance You DY7703. Χρώματα: Character Skirt.,,,Character Skirt,,,
DY7704,Character Skirt DY7704,"Character Skirt. Colours: -Blue, -Pink, -Purple, Blue, Pink, Purple. Sizes: SC|MC|LC|XLC|MA.",Φούστα Χαρακτήρων DY7704,"Φούστα Χαρακτήρων DY7704. Χρώματα: -Blue, -Pink, -Purple, Blue, Pink, Purple. Μέγέθη: SC|MC|LC|XLC|MA.",15.95,SC|MC|LC|XLC|MA,Pink|Sky Blue|Purple,,,
DY8003,Non-Slip Ballet Dance DY8003,Non-Slip Ballet Dance.,Dance You DY8003,Dance You DY8003.,2.45,,,,,
DY8010,Stretching Bands DY8010,Stretching Bands. Colours: Blue.,Dance You DY8010,Dance You DY8010. Χρώματα: Μπλε.,3.95,,Blue,,,
DY8027,Elastic Stretch Bands DY8027,"Elastic Stretch Bands. Colours: -1, -2.",Dance You DY8027,"Dance You DY8027. Χρώματα: -1, -2.",,,-1|-2,,,
DY8202,DY8202,DY8202. Colours: 2.,Dance You DY8202,Dance You DY8202. Χρώματα: 2.,,,2,,,
DY8203,Printed Ouch Pouch DY8203,"Printed Ouch Pouch. Colours: A, B. Sizes: S|M|L.",Dance You DY8203,"Dance You DY8203. Χρώματα: A, B. Μέγέθη: S|M|L.",7.00,S|M|L,A|B,,,
160107,Godance Latin Shoes 160107,Godance Latin Shoes 160107.,Υπόδημα Λάτιν 160107,Υπόδημα Λάτιν 160107.,,,,,,
160111,Godance Latin Shoes 160111,Godance Latin Shoes 160111.,Υπόδημα Λάτιν 160111,Υπόδημα Λάτιν 160111.,,,,,,
160304,Godance Latin Shoes 160304,Godance Latin Shoes 160304.,Υπόδημα Λάτιν 160304,Υπόδημα Λάτιν 160304.,,,,,,
160702,Godance Latin Shoes 160702,Godance Latin Shoes 160702.,Υπόδημα Λάτιν 160702,Υπόδημα Λάτιν 160702.,,,,,,
161204,Godance Latin Shoes 161204,Godance Latin Shoes 161204.,Υπόδημα Λάτιν 161204,Υπόδημα Λάτιν 161204.,,,,,,
161506,Godance Latin Shoes 161506,Godance Latin Shoes 161506.,Υπόδημα Λάτιν 161506,Υπόδημα Λάτιν 161506.,,,,,,
161520,Godance Latin Shoes 161520,Godance Latin Shoes 161520.,Υπόδημα Λάτιν 161520,Υπόδημα Λάτιν 161520.,,,,,,
161901,Godance Latin Shoes Black Satin w/strauss 161901,Black Satin w/strauss. Heel: 2.5 and 3.0 inches. Sizes: 35|36|37|38|39|40|41.,Υπόδημα Λάτιν Μαύρο Σατέν w/strass 161901,Υπόδημα Λάτιν Μαύρο Σατέν w/strass 161901. Τακούνι: 2.5 and 3.0 inches. Μέγέθη: 35|36|37|38|39|40|41.,29.95,35|36|37|38|39|40|41,,Satin,,
166401,Godance Latin Shoes 166401,Godance Latin Shoes 166401.,Υπόδημα Λάτιν 166401,Υπόδημα Λάτιν 166401.,,,,,,
166402,Godance Latin Shoes 166402,Godance Latin Shoes 166402.,Υπόδημα Λάτιν 166402,Υπόδημα Λάτιν 166402.,,,,,,
167102,Godance Latin Shoes 167102,Godance Latin Shoes 167102.,Υπόδημα Λάτιν 167102,Υπόδημα Λάτιν 167102.,,,,,,
168401,Godance Latin Shoes 168401,Godance Latin Shoes 168401.,Υπόδημα Λάτιν 168401,Υπόδημα Λάτιν 168401.,,,,,,
168436,Godance Latin Shoes 168436,Godance Latin Shoes 168436.,Υπόδημα Λάτιν 168436,Υπόδημα Λάτιν 168436.,,,,,,
171403,Godance Latin Shoes Black Satin 171403,"Black Satin. Heel: 2.5, 3.0 and 3.5 inches. Sizes: 35|36|37|38|39|40|41|42.",Υπόδημα Λάτιν Μαύρο Σατέν 171403,"Υπόδημα Λάτιν Μαύρο Σατέν 171403. Τακούνι: 2.5, 3.0 and 3.5 inches. Μέγέθη: 35|36|37|38|39|40|41|42.",24.95,35|36|37|38|39|40|41|42,,Satin,,
230401,Godance Latin Shoes Men’s Latin Black Leather 230401,Men’s Latin Black Leather. Heel: 1.6 inches; 1.0 inch. Sizes: 30|31|32|33|34|35|36|37|38.,Υπόδημα Λάτιν Men’s Latin Μαύρο Δερμάτινο 230401,Υπόδημα Λάτιν Men’s Latin Μαύρο Δερμάτινο 230401. Τακούνι: 1.6 inches; 1.0 inch. Μέγέθη: 30|31|32|33|34|35|36|37|38.,32.45,30|31|32|33|34|35|36|37|38,,Leather,,
250502,Godance Latin Shoes Men’s Ballroom Black Leather 250502,Men’s Ballroom Black Leather. Heel: 1.0 inch; 1.0 inch. Sizes: 38|39|40|41|42|43|44|45.,Υπόδημα Λάτιν Men’s Ballroom Μαύρο Δερμάτινο 250502,Υπόδημα Λάτιν Men’s Ballroom Μαύρο Δερμάτινο 250502. Τακούνι: 1.0 inch; 1.0 inch. Μέγέθη: 38|39|40|41|42|43|44|45.,39.95,38|39|40|41|42|43|44|45,,Leather,,
7052PS,Godance Latin Shoes Pink Satin 7052PS,Pink Satin. Heel: 2.5 and 3.0 inches. Sizes: 35|36|37|38|39|40|41.,Υπόδημα Λάτιν Ροζ Σατέν 7052PS,Υπόδημα Λάτιν Ροζ Σατέν 7052PS. Τακούνι: 2.5 and 3.0 inches. Μέγέθη: 35|36|37|38|39|40|41.,28.95,35|36|37|38|39|40|41,,Satin,,
7075CS,Godance Latin Shoes 7075CS,Godance Latin Shoes 7075CS.,Υπόδημα Λάτιν 7075CS,Υπόδημα Λάτιν 7075CS.,,,,,,
BRUSHESPLASTIC,BRUSHESPLASTIC,BRUSHESPLASTIC.,Dance You BRUSHESPLASTIC,Dance You BRUSHESPLASTIC.,,,,,,
BRUSHESPLASTICB,BRUSHESPLASTICB,BRUSHESPLASTICB.,Dance You BRUSHESPLASTICB,Dance You BRUSHESPLASTICB.,,,,,,
HEELCAPS,HEELCAPS,HEELCAPS.,Dance You HEELCAPS,Dance You HEELCAPS.,,,,,,
K001,K001,K001. Colours: White.,Dance You K001,Dance You K001. Χρώματα: White.,,,White,,,
L002,L002,L002.,Dance You L002,Dance You L002.,,,,,,
LM501,LM501,LM501.,Dance You LM501,Dance You LM501.,,,,,,
1100,Girls’ Wrap Around Chiffon Skirt 1100,Girls’ Wrap Around Chiffon Skirt. Sizes: One Size.,Περαστή φούστα σιφόν 1100,Περαστή φούστα σιφόν 1100. Μέγέθη: One Size.,,One Size,,Chiffon,,
1101,Girls’ Pull On Crossover Skirt 1101,Girls’ Pull On Crossover Skirt. Sizes: Sm/Int|Med/Lg.,Φούστα crossover 1101,Φούστα crossover 1101. Μέγέθη: Sm/Int|Med/Lg.,,Sm/Int|Med/Lg,,,,
1102,Girls’ Pinch Front Tank Leotard 1102,Girls’ Pinch Front Tank Leotard. Sizes: Small|Intermediate|Medium|Large|X Large.,Λεοκάρδα ολομέτωπη 1102,Λεοκάρδα ολομέτωπη 1102. Μέγέθη: Small|Intermediate|Medium|Large|X Large.,,Small|Intermediate|Medium|Large|X Large,,,,
1108,Girls’ Pinch Front Short Sleeve Leotard 1108,Girls’ Pinch Front Short Sleeve Leotard. Colours: Heather Grey. Sizes: Small|Intermediate|Medium|Large.,Λεοκάρδα με κοντά μανίκια 1108,Λεοκάρδα με κοντά μανίκια 1108. Χρώματα: Heather Γκρι. Μέγέθη: Small|Intermediate|Medium|Large.,,Small|Intermediate|Medium|Large,Heather Grey,,,
1200,Women’s Wrap Around Chiffon Skirt 1200,Women’s Wrap Around Chiffon Skirt. Sizes: One Size.,Περαστή φούστα σιφόν 1200,Περαστή φούστα σιφόν 1200. Μέγέθη: One Size.,,One Size,,Chiffon,,
1668,Leather Ballet Full Sole (Cowhide) 1668,Leather Ballet Full Sole (Cowhide). Colours: Colour-A. Sizes: EU 26 - 40.,Παπούτσια Μπαλέτου 1668,Παπούτσια Μπαλέτου 1668. Χρώματα: Colour-A. Μέγέθη: EU 26 - 40.,,EU 26 - 40,,Leather,,
1687,Velvet Microfibre Rhythmic Half Shoe 1687,"Velvet Microfibre Rhythmic Half Shoe. Colours: Colour-A, Colour-B, Colour-C. Sizes: EU 26-27 (4XS)|28-29 (3XS)|30-31 (2XS)|32-.",Μισοπαπούτσια Ρυθμικής 1687,"Μισοπαπούτσια Ρυθμικής 1687. Χρώματα: Colour-A, Colour-B, Colour-C. Μέγέθη: EU 26-27 (4XS)|28-29 (3XS)|30-31 (2XS)|32-.",,EU 26-27 (4XS)|28-29 (3XS)|30-31 (2XS)|32-,,Velvet,,
1688,Leather Ballet Full Sole (Cowhide) 1688,Leather Ballet Full Sole (Cowhide). Sizes: EU 25 - 43.,Παπούτσια Μπαλέτου 1688,Παπούτσια Μπαλέτου 1688. Μέγέθη: EU 25 - 43.,,EU 25 - 43,,Leather,,
1689,Leather Jazz Shoes w/laces 1689,Leather Jazz Shoes w/laces. Sizes: EU 28 - 47.,Παπούτσια Τζαζ 1689,Παπούτσια Τζαζ 1689. Μέγέθη: EU 28 - 47.,,EU 28 - 47,,Leather,,
1690,1690,1690.,Dance You 1690,Dance You 1690.,,,,,,
1691,Leather Ballet Full Sole (Goathide) 1691,Leather Ballet Full Sole (Goathide). Sizes: EU 25 - 43.,Παπούτσια Μπαλέτου 1691,Παπούτσια Μπαλέτου 1691. Μέγέθη: EU 25 - 43.,,EU 25 - 43,,Leather,,
1692,1692,1692.,Dance You 1692,Dance You 1692.,,,,,,
1693,1693,1693.,Dance You 1693,Dance You 1693.,,,,,,
1695,Leather Ballet Full Sole (Cowhide) 1695,Leather Ballet Full Sole (Cowhide). Sizes: EU 25 - 43.,Παπούτσια Μπαλέτου 1695,Παπούτσια Μπαλέτου 1695. Μέγέθη: EU 25 - 43.,,EU 25 - 43,,Leather,,
1698,Microfibre Rhythmic Half Shoe 1698,Microfibre Rhythmic Half Shoe. Colours: Colour-A. Sizes: EU 26-27|28-29|30-31.,Μισοπαπούτσια Ρυθμικής 1698,Μισοπαπούτσια Ρυθμικής 1698. Χρώματα: Colour-A. Μέγέθη: EU 26-27|28-29|30-31.,,EU 26-27|28-29|30-31,,Microfibre,,
7008,7008,7008. Colours: Tan.,Dance You 7008,Dance You 7008. Χρώματα: Tan.,,,Tan,,,
7018,Leather Character Shoe 5.5cm Heel 7018,"Leather Character Shoe 5.5cm Heel. Colours: Colour-A, Colour-B, Colour-C. Sizes: Medium|Large.",Παπούτσια Character 7018,"Παπούτσια Character 7018. Χρώματα: Colour-A, Colour-B, Colour-C. Μέγέθη: Medium|Large.",,Medium|Large,,Leather,,
7023,7023,7023.,Dance You 7023,Dance You 7023.,,,,,,
7024,7024,7024.,Dance You 7024,Dance You 7024.,,,,,,
7045,Booties 7045,Booties. Colours: Booties. Sizes: Small (36-37)|Medium (38-39)|Large (40-41).,Dance You 7045,Dance You 7045. Χρώματα: Booties. Μέγέθη: Small (36-37)|Medium (38-39)|Large (40-41).,,Small (36-37)|Medium (38-39)|Large (40-41),Booties,,,
7048,‘Gracie” Stretch Canvas Split Sole 7048,‘Gracie” Stretch Canvas Split Sole. Colours: Colour-A. Sizes: EU 28 - 44.,Dance You 7048,Dance You 7048. Χρώματα: Colour-A. Μέγέθη: EU 28 - 44.,,EU 28 - 44,,Canvas,,
8004,45cm Legwarmers w/hole 8004,"45cm Legwarmers w/hole. Colours: Colour-A, Colour-B.",Dance You 8004,"Dance You 8004. Χρώματα: Colour-A, Colour-B.",,,,,,
8005,Dance Belts 8005,Dance Belts. Sizes: Sm/Int|Med/Lg.,Dance You 8005,Dance You 8005. Μέγέθη: Sm/Int|Med/Lg.,,Sm/Int|Med/Lg,,,,
8007,Hairband 8007,Hairband. Sizes: One Size.,Dance You 8007,Dance You 8007. Μέγέθη: One Size.,,One Size,,,,
8012,Thick Stretching Loop 8012,Thick Stretching Loop. Colours: Colour-A.,Dance You 8012,Dance You 8012. Χρώματα: Colour-A.,,,,,,
8013,Turning Disk 8013,Turning Disk. Colours: Colour-B. Sizes: One Size.,Dance You 8013,Dance You 8013. Χρώματα: Colour-B. Μέγέθη: One Size.,,One Size,,,,
8014,Foot Stretcher 8014,"Foot Stretcher. Colours: Colour-A, Colour-B. Sizes: Entire Set.",Dance You 8014,"Dance You 8014. Χρώματα: Colour-A, Colour-B. Μέγέθη: Entire Set.",,Entire Set,,,,
8016,Superior Latex Resistant Loop 8016,Superior Latex Resistant Loop. Colours: Colour-A.,Dance You 8016,Dance You 8016. Χρώματα: Colour-A.,,,Pink|Purple|Royal Blue|Light,,,
8017,Foot Roller 8017,Foot Roller. Sizes: One Size.,Dance You 8017,Dance You 8017. Μέγέθη: One Size.,,One Size,,,,
8018,Hairnet w/Sparkling Stones 8018,"Hairnet w/Sparkling Stones. Colours: Black, Light Blue, Lilac, Pink, Purple, Red, White. Sizes: One Size.",Dance You 8018,"Dance You 8018. Χρώματα: Black, Light Blue, Lilac, Pink, Purple, Red, White. Μέγέθη: One Size.",,One Size,Black|Light Blue|Lilac|Pink|Purple|Red|White,,,
8501,8501,8501.,Dance You 8501,Dance You 8501.,,,,,,
8509,Women’s Convertible Body Tight 8509,Women’s Convertible Body Tight. Sizes: Sm/Med|Lg/XLg.,Dance You 8509,Dance You 8509. Μέγέθη: Sm/Med|Lg/XLg.,,Sm/Med|Lg/XLg,,,,
8510,8510,"8510. Colours: Colour-A, Colour-B.",Dance You 8510,"Dance You 8510. Χρώματα: Colour-A, Colour-B.",,,,,,
8511,8511,"8511. Colours: Colour-A, Colour-B.",Dance You 8511,"Dance You 8511. Χρώματα: Colour-A, Colour-B.",,,,,,
8518,Women’s Professional Netted Skin Tight w/Stones 8518,Women’s Professional Netted Skin Tight w/Stones. Colours: Toffee. Sizes: Small|Medium|Large.,Dance You 8518,Dance You 8518. Χρώματα: Καραμέλα. Μέγέθη: Small|Medium|Large.,,Small|Medium|Large,Toffee,,,
8603,Women’s Wrap Sweater 8603,Women’s Wrap Sweater. Sizes: Small|Medium|Large.,Dance You 8603,Dance You 8603. Μέγέθη: Small|Medium|Large.,,Small|Medium|Large,,,,
8604,8604,8604.,Dance You 8604,Dance You 8604.,,,,,,
8606,8606,"8606. Colours: Colour-A, Colour-B.",Dance You 8606,"Dance You 8606. Χρώματα: Colour-A, Colour-B.",,,,,,
9504,Women’s Hot Shorts 9504,Women’s Hot Shorts. Sizes: Small|Medium|Large.,Σορτς 9504,Σορτς 9504. Μέγέθη: Small|Medium|Large.,,Small|Medium|Large,,,,
9505,Women’s Yoga Pant w/waistband 9505,Women’s Yoga Pant w/waistband. Sizes: Petite|Small|Medium|Large.,Dance You 9505,Dance You 9505. Μέγέθη: Petite|Small|Medium|Large.,,Petite|Small|Medium|Large,,,,
9506,9506,9506.,Dance You 9506,Dance You 9506.,,,,,,
9508,Women’s Jazz Pant 9508,Women’s Jazz Pant. Sizes: Petite|Small|Medium|Large.,Dance You 9508,Dance You 9508. Μέγέθη: Petite|Small|Medium|Large.,,Petite|Small|Medium|Large,,,,
9509,9509,9509.,Dance You 9509,Dance You 9509.,,,,,,
9510,9510,9510.,Dance You 9510,Dance You 9510.,,,,,,
9800,Lush Fringe Dress 9800,Lush Fringe Dress. Colours: Red. Sizes: Small|Medium|Large.,Φόρεμα 9800,Φόρεμα 9800. Χρώματα: Κόκκινο. Μέγέθη: Small|Medium|Large.,34.95,Small|Medium|Large,Red,,,
9801,Lush Fringe Top 9801,"Lush Fringe Top. Colours: Black, Red. Sizes: Small|Medium|Large.",Dance You 9801,"Dance You 9801. Χρώματα: Black, Κόκκινο. Μέγέθη: Small|Medium|Large.",13.95,Small|Medium|Large,Black|Red,,,
9802,Wrap Skirt w/Tulle 9802,Wrap Skirt w/Tulle. Colours: Black. Sizes: Small|Medium|Large.,Φούστα 9802,Φούστα 9802. Χρώματα: Μαύρο. Μέγέθη: Small|Medium|Large.,18.95,Small|Medium|Large,Black,,,
9803,Wrap Around Top 9803,Wrap Around Top. Colours: Coffee. Sizes: Small|Medium|Large.,Dance You 9803,Dance You 9803. Χρώματα: Καφέ. Μέγέθη: Small|Medium|Large.,14.95,Small|Medium|Large,Coffee,,,
9804,Jagged Dance Skirt 9804,"Jagged Dance Skirt. Colours: Dusty Pink, Hunter, Hunter Green, Navy. Sizes: LC|XLC|SA|MA|LA.",Φούστα 9804,"Φούστα 9804. Χρώματα: Dusty Pink, Hunter, Χάντερ Green, Navy. Μέγέθη: LC|XLC|SA|MA|LA.",,LC|XLC|SA|MA|LA,Dusty Pink|Hunter|Hunter Green|Navy,,,
9805,Wrap Around Sweater 9805,Wrap Around Sweater. Sizes: SC|MC|LC|XLC|SA|MA|LA.,Dance You 9805,Dance You 9805. Μέγέθη: SC|MC|LC|XLC|SA|MA|LA.,,SC|MC|LC|XLC|SA|MA|LA,,,,
9918,Girls’ Long Sleeve Unitard 9918,Girls’ Long Sleeve Unitard. Colours: Gold. Sizes: 110|120|130|140|150|160.,Λεοκάρδα με μακριά μανίκια 9918,Λεοκάρδα με μακριά μανίκια 9918. Χρώματα: Gold. Μέγέθη: 110|120|130|140|150|160.,,110|120|130|140|150|160,Gold,,,
9919,Girls’ Halter Neck Leotard 9919,"Girls’ Halter Neck Leotard. Colours: Ice Blue, Purple. Sizes: 110|120|130|140|150|160.",Λεοκάρδα 9919,"Λεοκάρδα 9919. Χρώματα: Ice Blue, Purple. Μέγέθη: 110|120|130|140|150|160.",,110|120|130|140|150|160,Ice Blue|Purple,,,
9920,Latin Competition Dance Dress (One Piece) 9920,"Latin Competition Dance Dress (One Piece). Colours: Arctic Blue, Coral Pink. Sizes: 120|130|140|150|160|170|180.",Φόρεμα 9920,"Φόρεμα 9920. Χρώματα: Arctic Blue, Coral Ροζ. Μέγέθη: 120|130|140|150|160|170|180.",25.95,120|130|140|150|160|170|180,Arctic Blue|Coral Pink,,,
9921,Latin Competition Dance Dress 9921,Latin Competition Dance Dress. Colours: Red. Sizes: 120|130|140|150|160|170.,Φόρεμα 9921,Φόρεμα 9921. Χρώματα: Κόκκινο. Μέγέθη: 120|130|140|150|160|170.,,120|130|140|150|160|170,Red,,,
9922,Girls’ Long Sleeve Leotard 9922,"Girls’ Long Sleeve Leotard. Colours: Black, Red, Rose Red, Royal Blue, Silver, Sky Blue. Sizes: 110|120|130|140|150|160.",Λεοκάρδα με μακριά μανίκια 9922,"Λεοκάρδα με μακριά μανίκια 9922. Χρώματα: Black, Red, Rose Red, Βασιλικό Blue, Silver, Γαλάζιο Μπλε. Μέγέθη: 110|120|130|140|150|160.",,110|120|130|140|150|160,Black|Red|Rose Red|Royal Blue|Silver|Sky Blue,,,
9925,Girls’ Bicycle Short 9925,Girls’ Bicycle Short. Colours: Black. Sizes: 6|8|10|12|14|16.,Dance You 9925,Dance You 9925. Χρώματα: Μαύρο. Μέγέθη: 6|8|10|12|14|16.,,6|8|10|12|14|16,Black,,,
9926,Girls’ Racer Back Top 9926,"Girls’ Racer Back Top. Colours: Hot Pnk, Lake Blue, Lavender. Sizes: 6|8|10|12|14|16.",Dance You 9926,"Dance You 9926. Χρώματα: Hot Pnk, Lake Blue, Λεβάντα. Μέγέθη: 6|8|10|12|14|16.",,6|8|10|12|14|16,Hot Pnk|Lake Blue|Lavender,,,
9927,Girls’ Hot Short 9927,Girls’ Hot Short. Colours: Hot Short. Sizes: 6|8|10|12|14|16.,Σορτς 9927,Σορτς 9927. Χρώματα: Hot Short. Μέγέθη: 6|8|10|12|14|16.,,6|8|10|12|14|16,Hot Short,,,
9928,Girls’ Unitard 9928,Girls’ Unitard. Colours: Hot Pink. Sizes: 6|8|10|12|14|16.,Dance You 9928,Dance You 9928. Χρώματα: Hot Ροζ. Μέγέθη: 6|8|10|12|14|16.,,6|8|10|12|14|16,Hot Pink,,,
9930,Women’s Sleeveless Leotard 9930,"Women’s Sleeveless Leotard. Colours: Black, Burgundy, Colour-B Black. Sizes: SA|MA|LA|XLA|XXLA.",Λεοκάρδα 9930,"Λεοκάρδα 9930. Χρώματα: Black, Burgundy, Colour-B Μαύρο. Μέγέθη: SA|MA|LA|XLA|XXLA.",,SA|MA|LA|XLA|XXLA,Black|Burgundy,,,
9931,Women’s Camisole Leotard w/ 9931,"Women’s Camisole Leotard w/. Colours: Black, Colour-A Burgundy, Colour-A Navy, Colour-A Purple, Colour-B Black. Sizes: XSA|SA|MA|LA|XLA|XXLA.",Λεοκάρδα με λάστιχα 9931,"Λεοκάρδα με λάστιχα 9931. Χρώματα: Black, Colour-A Burgundy, Colour-A Navy, Colour-A Purple, Colour-B Μαύρο. Μέγέθη: XSA|SA|MA|LA|XLA|XXLA.",,XSA|SA|MA|LA|XLA|XXLA,Black,,,
9932,Women’s Camisole Leotard w/lining 9932,"Women’s Camisole Leotard w/lining. Colours: Colour-A Black, Colour-B Black. Sizes: XSA|SA|MA|LA|XLA|XXLA.",Λεοκάρδα με λάστιχα 9932,"Λεοκάρδα με λάστιχα 9932. Χρώματα: Colour-A Black, Colour-B Μαύρο. Μέγέθη: XSA|SA|MA|LA|XLA|XXLA.",,XSA|SA|MA|LA|XLA|XXLA,,,,
9933,Women’s Short Sleeve Leotard 9933,"Women’s Short Sleeve Leotard. Colours: Burgundy, Colour-A Black, Colour-B Black. Sizes: XSA|SA|MA|LA|XLA|XXLA.",Λεοκάρδα με κοντά μανίκια 9933,"Λεοκάρδα με κοντά μανίκια 9933. Χρώματα: Burgundy, Colour-A Black, Colour-B Μαύρο. Μέγέθη: XSA|SA|MA|LA|XLA|XXLA.",,XSA|SA|MA|LA|XLA|XXLA,Burgundy,,,
9934,Women’s Sleeveless Leotard w/mesh 9934,"Women’s Sleeveless Leotard w/mesh. Colours: Colour-A Black, Colour-B Black, Royal Blue, White. Sizes: XSA|SA|MA|LA|XLA|XXLA.",Λεοκάρδα 9934,"Λεοκάρδα 9934. Χρώματα: Colour-A Black, Colour-B Black, Βασιλικό Blue, White. Μέγέθη: XSA|SA|MA|LA|XLA|XXLA.",,XSA|SA|MA|LA|XLA|XXLA,Royal Blue|White,Mesh,,
9935,Women’s Tank Leotard w/mesh 9935,"Women’s Tank Leotard w/mesh. Colours: Colour-A Black, Colour-B Black. Sizes: SA|MA|LA|XLA|XXLA.",Λεοκάρδα ολομέτωπη 9935,"Λεοκάρδα ολομέτωπη 9935. Χρώματα: Colour-A Black, Colour-B Μαύρο. Μέγέθη: SA|MA|LA|XLA|XXLA.",,SA|MA|LA|XLA|XXLA,,Mesh,,
9936,Women’s Camisole Leotard w/low 9936,"Women’s Camisole Leotard w/low. Colours: Colour-A Black, Colour-B Black. Sizes: SA|MA|LA|XLA|XXLA.",Λεοκάρδα με λάστιχα 9936,"Λεοκάρδα με λάστιχα 9936. Χρώματα: Colour-A Black, Colour-B Μαύρο. Μέγέθη: SA|MA|LA|XLA|XXLA.",,SA|MA|LA|XLA|XXLA,,,,
9937,Women’s Boatneck Leotard w/key- 9937,"Women’s Boatneck Leotard w/key-. Colours: Burgundy, Colour-A Black, Colour-B Black. Sizes: SA|MA|LA|XLA|XXLA.",Λεοκάρδα 9937,"Λεοκάρδα 9937. Χρώματα: Burgundy, Colour-A Black, Colour-B Μαύρο. Μέγέθη: SA|MA|LA|XLA|XXLA.",,SA|MA|LA|XLA|XXLA,Burgundy,,,
9938,Women’s Camisole Leotard w/twist back 9938,"Women’s Camisole Leotard w/twist back. Colours: Colour-A Black, Colour-B Black, Petrol. Sizes: XSA|SA|MA|LA|XLA|XXLA.",Λεοκάρδα με λάστιχα 9938,"Λεοκάρδα με λάστιχα 9938. Χρώματα: Colour-A Black, Colour-B Black, Petrol. Μέγέθη: XSA|SA|MA|LA|XLA|XXLA.",,XSA|SA|MA|LA|XLA|XXLA,Petrol,,,
9939,Women’s 3/4 Sleeve Round Neck 9939,"Women’s 3/4 Sleeve Round Neck. Colours: Black, Burgundy, Colour-B Black, Colour-B Burgundy. Sizes: XSA|SA|MA|LA|XLA|XXLA.",Dance You 9939,"Dance You 9939. Χρώματα: Black, Burgundy, Colour-B Black, Colour-B Burgundy. Μέγέθη: XSA|SA|MA|LA|XLA|XXLA.",,XSA|SA|MA|LA|XLA|XXLA,Black|Burgundy,,,
9940,Women’s 3/4 Sleeve V Neck Leotard 9940,"Women’s 3/4 Sleeve V Neck Leotard. Colours: Colour-A Burgundy, Colour-B Burgundy. Sizes: SA|MA|LA|XLA|XXLA.",Λεοκάρδα 9940,"Λεοκάρδα 9940. Χρώματα: Colour-A Burgundy, Colour-B Burgundy. Μέγέθη: SA|MA|LA|XLA|XXLA.",,SA|MA|LA|XLA|XXLA,,,,
9941,Camisole Leotard 9941,"Camisole Leotard. Colours: Pink, Red, Rose Purple, Royal Purplish Blue, Slate. Sizes: XSA|SA|MA|LA|XLA.",Λεοκάρδα με λάστιχα 9941,"Λεοκάρδα με λάστιχα 9941. Χρώματα: Pink, Red, Rose Purple, Βασιλικό Μοβ Blue, Slate. Μέγέθη: XSA|SA|MA|LA|XLA.",,XSA|SA|MA|LA|XLA,Pink|Red|Rose Purple|Royal Purplish Blue|Slate,,,
9942,Girls’ Short Sleeve Leotard w/skirt 9942,Girls’ Short Sleeve Leotard w/skirt. Sizes: 6|8|10|12|14|16.,Λεοκάρδα με κοντά μανίκια 9942,Λεοκάρδα με κοντά μανίκια 9942. Μέγέθη: 6|8|10|12|14|16.,,6|8|10|12|14|16,,,,
9943,Girls’ Camisole Leotard w/8-layer soft tutu 9943,Girls’ Camisole Leotard w/8-layer soft tutu. Sizes: 6|8|10|12|14|16.,Λεοκάρδα με λάστιχα 9943,Λεοκάρδα με λάστιχα 9943. Μέγέθη: 6|8|10|12|14|16.,,6|8|10|12|14|16,,,,
9944,Girls’ Long Sleeve Catsuit 9944,Girls’ Long Sleeve Catsuit. Sizes: 6|8|10|12|14|16.,Λεοκάρδα με μακριά μανίκια 9944,Λεοκάρδα με μακριά μανίκια 9944. Μέγέθη: 6|8|10|12|14|16.,,6|8|10|12|14|16,,,,
9948,Girls’ Camisole Leotard w/3-layer tutu 9948,Girls’ Camisole Leotard w/3-layer tutu. Sizes: 4|6|8|10|12|14|16.,Λεοκάρδα με λάστιχα 9948,Λεοκάρδα με λάστιχα 9948. Μέγέθη: 4|6|8|10|12|14|16.,,4|6|8|10|12|14|16,,,,
9949,Girls’ Tank Leotard w/skirt 9949,Girls’ Tank Leotard w/skirt. Sizes: 6|8|10|12|14|16.,Λεοκάρδα ολομέτωπη 9949,Λεοκάρδα ολομέτωπη 9949. Μέγέθη: 6|8|10|12|14|16.,,6|8|10|12|14|16,,,,
9950,Girls’ Stirrup Ankle Pant 9950,Girls’ Stirrup Ankle Pant. Sizes: 6|8|10|12|14|16.,Dance You 9950,Dance You 9950. Μέγέθη: 6|8|10|12|14|16.,,6|8|10|12|14|16,,,,
9951,Girls’ Tank Leotard 9951,Girls’ Tank Leotard. Sizes: 6|8|10|12|14|16.,Λεοκάρδα ολομέτωπη 9951,Λεοκάρδα ολομέτωπη 9951. Μέγέθη: 6|8|10|12|14|16.,,6|8|10|12|14|16,,,,
9952,Girls’ 3/4 Sleeve Leotard 9952,Girls’ 3/4 Sleeve Leotard. Sizes: 6|8|10|12|14|16.,Λεοκάρδα με 3/4 μανίκια 9952,Λεοκάρδα με 3/4 μανίκια 9952. Μέγέθη: 6|8|10|12|14|16.,,6|8|10|12|14|16,,,,
9953,Women’s Dance Dress 9953,Women’s Dance Dress. Colours: Colour-A. Sizes: Small|Medium|Large|X Large.,Φόρεμα 9953,Φόρεμα 9953. Χρώματα: Colour-A. Μέγέθη: Small|Medium|Large|X Large.,,Small|Medium|Large|X Large,,,,
9954,Girls’ Empire Dress 9954,"Girls’ Empire Dress. Colours: Colour-A, Colour-B. Sizes: 6|8|10|12|14|16.",Φόρεμα Empire 9954,"Φόρεμα Empire 9954. Χρώματα: Colour-A, Colour-B. Μέγέθη: 6|8|10|12|14|16.",,6|8|10|12|14|16,,,,
9965,Women’s Asymmetrical Latin Skirt 9965,Women’s Asymmetrical Latin Skirt. Sizes: X Small|Small|Medium|Large|X Large.,Φούστα 9965,Φούστα 9965. Μέγέθη: X Small|Small|Medium|Large|X Large.,15.95,X Small|Small|Medium|Large|X Large,,,,
9968,Girls’ Character Skirt 9968,Girls’ Character Skirt. Sizes: 8|10|12|14|16.,Φούστα Χαρακτήρων 9968,Φούστα Χαρακτήρων 9968. Μέγέθη: 8|10|12|14|16.,,8|10|12|14|16,,,,
9970,Girls’ Ankle Pant 9970,Girls’ Ankle Pant. Sizes: Small|Intermediate|Medium|Large.,Dance You 9970,Dance You 9970. Μέγέθη: Small|Intermediate|Medium|Large.,,Small|Intermediate|Medium|Large,,,,
9979,6-Layer Practice Tutu 9979,"6-Layer Practice Tutu. Colours: Red, Royal Blue. Sizes: Small|Medium|Large|X Large.",Dance You 9979,"Dance You 9979. Χρώματα: Red, Βασιλικό Μπλε. Μέγέθη: Small|Medium|Large|X Large.",,Small|Medium|Large|X Large,Red|Royal Blue,,,
9980,Lyrical Dress 9980,"Lyrical Dress. Colours: Colour-A, Colour-B, Nude. Sizes: MC|LC|XLC|XXLC|SA|MA|LA|XLA|XXLA.",Φόρεμα 9980,"Φόρεμα 9980. Χρώματα: Colour-A, Colour-B, Δέρμα. Μέγέθη: MC|LC|XLC|XXLC|SA|MA|LA|XLA|XXLA.",,MC|LC|XLC|XXLC|SA|MA|LA|XLA|XXLA,Nude,,,
9981,7-Layer Practice Tutu 9981,7-Layer Practice Tutu. Sizes: X Small|Small|Medium|Large|X Large.,Dance You 9981,Dance You 9981. Μέγέθη: X Small|Small|Medium|Large|X Large.,,X Small|Small|Medium|Large|X Large,,,,
9996,Girls’ Pull On Crossover Skirt 9996,Girls’ Pull On Crossover Skirt. Sizes: Sm/Int|Med/Lg.,Φούστα crossover 9996,Φούστα crossover 9996. Μέγέθη: Sm/Int|Med/Lg.,,Sm/Int|Med/Lg,,,,
9997,Below Knee Length Chiffon Skirt 9997,Below Knee Length Chiffon Skirt. Colours: Red. Sizes: SA|MA|LA|XLA.,Φούστα σιφόν 9997,Φούστα σιφόν 9997. Χρώματα: Κόκκινο. Μέγέθη: SA|MA|LA|XLA.,,SA|MA|LA|XLA,Red,Chiffon,,
BRUSHA,BRUSHA,BRUSHA.,Dance You BRUSHA,Dance You BRUSHA.,,,,,,
BRUSHB,BRUSHB,BRUSHB.,Dance You BRUSHB,Dance You BRUSHB.,,,,,,
D006183,D006183,"D006183. Colours: Black, Blue.",Dance You D006183,"Dance You D006183. Χρώματα: Black, Μπλε.",,,Black|Blue,,,
DYBA,DYBA,DYBA.,Dance You DYBA,Dance You DYBA.,,,,,,
GP,GP,GP.,Dance You GP,Dance You GP.,,,,,,
HAIRPINBOX,HAIRPINBOX,HAIRPINBOX.,Dance You HAIRPINBOX,Dance You HAIRPINBOX.,,,,,,
HEELSGRIPSA,HEELSGRIPSA,HEELSGRIPSA.,Dance You HEELSGRIPSA,Dance You HEELSGRIPSA.,,,,,,
HEELSGRIPSB,HEELSGRIPSB,HEELSGRIPSB.,Dance You HEELSGRIPSB,Dance You HEELSGRIPSB.,,,,,,
HEELSGRIPSC,HEELSGRIPSC,HEELSGRIPSC.,Dance You HEELSGRIPSC,Dance You HEELSGRIPSC.,,,,,,
KEYRINGS,KEYRINGS,KEYRINGS.,Dance You KEYRINGS,Dance You KEYRINGS.,,,,,,
NK1,NK1,NK1.,Dance You NK1,Dance You NK1.,,,,,,
NK10,NK10,NK10.,Dance You NK10,Dance You NK10.,,,,,,
NK11,NK11,NK11.,Dance You NK11,Dance You NK11.,,,,,,
NK12,NK12,NK12.,Dance You NK12,Dance You NK12.,,,,,,
NK12A,NK12A,NK12A.,Dance You NK12A,Dance You NK12A.,,,,,,
NK13,NK13,NK13.,Dance You NK13,Dance You NK13.,,,,,,
NK2,NK2,NK2.,Dance You NK2,Dance You NK2.,,,,,,
NK3,NK3,NK3.,Dance You NK3,Dance You NK3.,,,,,,
NK4,NK4,NK4.,Dance You NK4,Dance You NK4.,,,,,,
NK5,NK5,NK5.,Dance You NK5,Dance You NK5.,,,,,,
NK7,NK7,NK7.,Dance You NK7,Dance You NK7.,,,,,,
NK8,NK8,NK8.,Dance You NK8,Dance You NK8.,,,,,,
NK9,NK9,NK9.,Dance You NK9,Dance You NK9.,,,,,,
PEN,PEN,PEN.,Dance You PEN,Dance You PEN.,,,,,,
TAPEALLCOLORS,TAPEALLCOLORS,TAPEALLCOLORS.,Dance You TAPEALLCOLORS,Dance You TAPEALLCOLORS.,,,,,,
TAPES,TAPES,TAPES.,Dance You TAPES,Dance You TAPES.,,,,,,
TC1,TC1,TC1.,Dance You TC1,Dance You TC1.,,,,,,
TC2,TC2,TC2.,Dance You TC2,Dance You TC2.,,,,,,
TP,TP,TP.,Dance You TP,Dance You TP.,,,,,,
TPS,TPS,TPS.,Dance You TPS,Dance You TPS.,,,,,,
TPSA,TPSA,TPSA.,Dance You TPSA,Dance You TPSA.,,,,,,
TTC,TTC,TTC.,Dance You TTC,Dance You TTC.,,,,,,
