sku,title_en,description_en,title_el,description_el,price,sizes,colours,fabric,short_desc_en,short_desc_el,category_id,manufacturer_id
163108,Brown satin and mesh dance shoe,"Brown satin and mesh dance shoe. Heel: 3.0 inches. Available in sizes 35,36,37,38,39,40.",Καφέ σατέν παπούτσι χορού με διχτυωτό ύφασμα,"Καφέ σατέν παπούτσι χορού με διχτυωτό ύφασμα. Τακούνι: 3.0 ίντσες. Διατίθεται στα μεγέθη 35,36,37,38,39,40.",56,"35,36,37,38,39,40",Brown,"Satin, Mesh",Brown satin and mesh dance shoe with 3.0 inches heel.,Καφέ σατέν παπούτσι χορού με διχτυωτό ύφασμα με τακούνι 3.0 ίντσες.,,
165922,Blue satin dance shoe with rhinestones,"Blue satin dance shoe with rhinestones. Heel: 3.7 inches. Available in sizes 35,36,37,38,39,40.",Μπλε σατέν παπούτσι χορού με στρας,"Μπλε σατέν παπούτσι χορού με στρας. Τακούνι: 3.7 ίντσες. Διατίθεται στα μεγέθη 35,36,37,38,39,40.",68,"35,36,37,38,39,40",Blue,Satin,Blue satin dance shoe with rhinestones with 3.7 inches heel.,Μπλε σατέν παπούτσι χορού με στρας με τακούνι 3.7 ίντσες.,,
165981,Skin-tone satin dance shoe with rhinestones,"Skin-tone satin dance shoe with rhinestones. Heel: 2.75 or 3.7 inches. Available in sizes 35,36,37,38,39,40.",Σατέν παπούτσι χορού σε απόχρωση δέρματος με στρας,"Σατέν παπούτσι χορού σε απόχρωση δέρματος με στρας. Τακούνι: 2.75 ή 3.7 ίντσες. Διατίθεται στα μεγέθη 35,36,37,38,39,40.",68,"35,36,37,38,39,40",Skin,Satin,Skin-tone satin dance shoe with rhinestones with 2.75 or 3.7 inches heel.,Σατέν παπούτσι χορού σε απόχρωση δέρματος με στρας με τακούνι 2.75 ή 3.7 ίντσες.,,
166808,Coffee satin dance shoe with rhinestones,"Coffee satin dance shoe with rhinestones. Heel: 3.0 inches. Available in sizes 35,36,37,38,39,40.",Καφέ σατέν παπούτσι χορού με στρας,"Καφέ σατέν παπούτσι χορού με στρας. Τακούνι: 3.0 ίντσες. Διατίθεται στα μεγέθη 35,36,37,38,39,40.",68,"35,36,37,38,39,40",Coffee,Satin,Coffee satin dance shoe with rhinestones with 3.0 inches heel.,Καφέ σατέν παπούτσι χορού με στρας με τακούνι 3.0 ίντσες.,,
168307,Brown satin dance shoe,"Brown satin dance shoe. Heel: 2.5 or 3.0 inches. Available in sizes 35,36,37,38,39,40,41,42.",Καφέ σατέν παπούτσι χορού,"Καφέ σατέν παπούτσι χορού. Τακούνι: 2.5 ή 3.0 ίντσες. Διατίθεται στα μεγέθη 35,36,37,38,39,40,41,42.",56,"35,36,37,38,39,40,41,42",Brown,Satin,Brown satin dance shoe with 2.5 or 3.0 inches heel.,Καφέ σατέν παπούτσι χορού με τακούνι 2.5 ή 3.0 ίντσες.,,
168603,Silver patent dance shoe,"Silver patent dance shoe. Heel: 2.7 inches. Available in sizes 36,37,38,39,40.",Ασημί λουστρίνι παπούτσι χορού,"Ασημί λουστρίνι παπούτσι χορού. Τακούνι: 2.7 ίντσες. Διατίθεται στα μεγέθη 36,37,38,39,40.",56,"36,37,38,39,40",Silver,Patent,Silver patent dance shoe with 2.7 inches heel.,Ασημί λουστρίνι παπούτσι χορού με τακούνι 2.7 ίντσες.,,
168619,Brown satin dance shoe,"Brown satin dance shoe. Heel: 2.7 inches. Available in sizes 35,36,37,38,39,40,41.",Καφέ σατέν παπούτσι χορού,"Καφέ σατέν παπούτσι χορού. Τακούνι: 2.7 ίντσες. Διατίθεται στα μεγέθη 35,36,37,38,39,40,41.",56,"35,36,37,38,39,40,41",Brown,Satin,Brown satin dance shoe with 2.7 inches heel.,Καφέ σατέν παπούτσι χορού με τακούνι 2.7 ίντσες.,,
168888,Toffee satin dance shoe,"Toffee satin dance shoe. Heel: 3.0 cm kids, 5 cm Cuban or 7.0 cm. Available in sizes 36,37,38,39.",Σατέν παπούτσι χορού σε απόχρωση καραμέλας,"Σατέν παπούτσι χορού σε απόχρωση καραμέλας. Τακούνι: 3.0 cm παιδικό, 5 cm Cuban ή 7.0 cm. Διατίθεται στα μεγέθη 36,37,38,39.",45,"36,37,38,39",Toffee,Satin,"Toffee satin dance shoe with 3.0 cm kids, 5 cm Cuban or 7.0 cm heel.","Σατέν παπούτσι χορού σε απόχρωση καραμέλας με τακούνι 3.0 cm παιδικό, 5 cm Cuban ή 7.0 cm.",,
171403,Black satin dance shoe,"Black satin dance shoe. Heel: 2.5, 3.0 or 3.5 inches. Available in sizes 35,36,37,38,39,40,41,42.",Μαύρο σατέν παπούτσι χορού,"Μαύρο σατέν παπούτσι χορού. Τακούνι: 2.5, 3.0 ή 3.5 ίντσες. Διατίθεται στα μεγέθη 35,36,37,38,39,40,41,42.",56,"35,36,37,38,39,40,41,42",Black,Satin,"Black satin dance shoe with 2.5, 3.0 or 3.5 inches heel.","Μαύρο σατέν παπούτσι χορού με τακούνι 2.5, 3.0 ή 3.5 ίντσες.",,
171436,Brown satin dance shoe,"Brown satin dance shoe. Heel: 2.5, 2.7, 2.75, 3.0 or 3.5 inches. Available in sizes 34,35,36,37,38,39,40,41,42.",Καφέ σατέν παπούτσι χορού,"Καφέ σατέν παπούτσι χορού. Τακούνι: 2.5, 2.7, 2.75, 3.0 ή 3.5 ίντσες. Διατίθεται στα μεγέθη 34,35,36,37,38,39,40,41,42.",56,"34,35,36,37,38,39,40,41,42",Brown,Satin,"Brown satin dance shoe with 2.5, 2.7, 2.75, 3.0 or 3.5 inches heel.","Καφέ σατέν παπούτσι χορού με τακούνι 2.5, 2.7, 2.75, 3.0 ή 3.5 ίντσες.",,
172436,Brown satin dance shoe,"Brown satin dance shoe. Heel: 2.7 or 2.75 inches. Available in sizes 35,36,37,38,39,40,41.",Καφέ σατέν παπούτσι χορού,"Καφέ σατέν παπούτσι χορού. Τακούνι: 2.7 ή 2.75 ίντσες. Διατίθεται στα μεγέθη 35,36,37,38,39,40,41.",56,"35,36,37,38,39,40,41",Brown,Satin,Brown satin dance shoe with 2.7 or 2.75 inches heel.,Καφέ σατέν παπούτσι χορού με τακούνι 2.7 ή 2.75 ίντσες.,,
174036,Brown satin dance shoe,"Brown satin dance shoe. Heel: 3.0 inches. Available in sizes 35,36,37,38,39,40.",Καφέ σατέν παπούτσι χορού,"Καφέ σατέν παπούτσι χορού. Τακούνι: 3.0 ίντσες. Διατίθεται στα μεγέθη 35,36,37,38,39,40.",56,"35,36,37,38,39,40",Brown,Satin,Brown satin dance shoe with 3.0 inches heel.,Καφέ σατέν παπούτσι χορού με τακούνι 3.0 ίντσες.,,
174006,Purple satin dance shoe,"Purple satin dance shoe. Heel: 3.0 inches. Available in sizes 39,40.",Μωβ σατέν παπούτσι χορού,"Μωβ σατέν παπούτσι χορού. Τακούνι: 3.0 ίντσες. Διατίθεται στα μεγέθη 39,40.",45,"39,40",Purple,Satin,Purple satin dance shoe with 3.0 inches heel.,Μωβ σατέν παπούτσι χορού με τακούνι 3.0 ίντσες.,,
174201,Black satin dance shoe with rhinestones,"Black satin dance shoe with rhinestones. Heel: 3.0 inches. Available in sizes 35,36,40.",Μαύρο σατέν παπούτσι χορού με στρας,"Μαύρο σατέν παπούτσι χορού με στρας. Τακούνι: 3.0 ίντσες. Διατίθεται στα μεγέθη 35,36,40.",45,"35,36,40",Black,Satin,Black satin dance shoe with rhinestones with 3.0 inches heel.,Μαύρο σατέν παπούτσι χορού με στρας με τακούνι 3.0 ίντσες.,,
174802,Red patent dance shoe,"Red patent dance shoe. Heel: 3.0 inches. Available in sizes 36,40.",Κόκκινο λουστρίνι παπούτσι χορού,"Κόκκινο λουστρίνι παπούτσι χορού. Τακούνι: 3.0 ίντσες. Διατίθεται στα μεγέθη 36,40.",45,"36,40",Red,Patent,Red patent dance shoe with 3.0 inches heel.,Κόκκινο λουστρίνι παπούτσι χορού με τακούνι 3.0 ίντσες.,,
270707,Brown satin dance shoe,"Brown satin dance shoe. Heel: 3.0 inches. Available in sizes 35,36,37,38,39,40,41.",Καφέ σατέν παπούτσι χορού,"Καφέ σατέν παπούτσι χορού. Τακούνι: 3.0 ίντσες. Διατίθεται στα μεγέθη 35,36,37,38,39,40,41.",56,"35,36,37,38,39,40,41",Brown,Satin,Brown satin dance shoe with 3.0 inches heel.,Καφέ σατέν παπούτσι χορού με τακούνι 3.0 ίντσες.,,
271303,Coffee satin dance shoe,"Coffee satin dance shoe. Heel: 2.75 inches. Available in sizes 35,36,37,38,39,40.",Καφέ σατέν παπούτσι χορού,"Καφέ σατέν παπούτσι χορού. Τακούνι: 2.75 ίντσες. Διατίθεται στα μεγέθη 35,36,37,38,39,40.",56,"35,36,37,38,39,40",Coffee,Satin,Coffee satin dance shoe with 2.75 inches heel.,Καφέ σατέν παπούτσι χορού με τακούνι 2.75 ίντσες.,,
680206,Brown satin dance shoe,"Brown satin dance shoe. Heel: 2.5 inches. Available in sizes 35,36,37,38,39,40,41.",Καφέ σατέν παπούτσι χορού,"Καφέ σατέν παπούτσι χορού. Τακούνι: 2.5 ίντσες. Διατίθεται στα μεγέθη 35,36,37,38,39,40,41.",56,"35,36,37,38,39,40,41",Brown,Satin,Brown satin dance shoe with 2.5 inches heel.,Καφέ σατέν παπούτσι χορού με τακούνι 2.5 ίντσες.,,
681307BS,Black satin dance shoe,"Black satin dance shoe. Heel: 2.5 inches. Available in sizes 35,36,37,38,39,40,41.",Μαύρο σατέν παπούτσι χορού,"Μαύρο σατέν παπούτσι χορού. Τακούνι: 2.5 ίντσες. Διατίθεται στα μεγέθη 35,36,37,38,39,40,41.",56,"35,36,37,38,39,40,41",Black,Satin,Black satin dance shoe with 2.5 inches heel.,Μαύρο σατέν παπούτσι χορού με τακούνι 2.5 ίντσες.,,
681307CS,Coffee satin dance shoe,"Coffee satin dance shoe. Heel: 2.5 inches. Available in sizes 35,36,37,38,39,40,41.",Καφέ σατέν παπούτσι χορού,"Καφέ σατέν παπούτσι χορού. Τακούνι: 2.5 ίντσες. Διατίθεται στα μεγέθη 35,36,37,38,39,40,41.",56,"35,36,37,38,39,40,41",Coffee,Satin,Coffee satin dance shoe with 2.5 inches heel.,Καφέ σατέν παπούτσι χορού με τακούνι 2.5 ίντσες.,,
681909,Black leatheroid dance shoe,"Black leatheroid dance shoe. Heel: 2.5 inches. Available in sizes 35,36,37,38,39,40,41,42.",Μαύρο παπούτσι χορού από συνθετικό δέρμα,"Μαύρο παπούτσι χορού από συνθετικό δέρμα. Τακούνι: 2.5 ίντσες. Διατίθεται στα μεγέθη 35,36,37,38,39,40,41,42.",56,"35,36,37,38,39,40,41,42",Black,Leatheroid,Black leatheroid dance shoe with 2.5 inches heel.,Μαύρο παπούτσι χορού από συνθετικό δέρμα με τακούνι 2.5 ίντσες.,,
L001,Ladies' flesh satin dance shoe with elastic straps,"Ladies' flesh satin dance shoe with elastic straps. Heel: 6 cm thin Cuban. Available in sizes 36,37,38,39,40,41.",Γυναικείο σατέν παπούτσι χορού σε απόχρωση δέρματος με ελαστικά λουράκια,"Γυναικείο σατέν παπούτσι χορού σε απόχρωση δέρματος με ελαστικά λουράκια. Τακούνι: 6 cm λεπτό Cuban. Διατίθεται στα μεγέθη 36,37,38,39,40,41.",56,"36,37,38,39,40,41",Flesh,Satin,Ladies' flesh satin dance shoe with elastic straps with 6 cm thin Cuban heel.,Γυναικείο σατέν παπούτσι χορού σε απόχρωση δέρματος με ελαστικά λουράκια με τακούνι 6 cm λεπτό Cuban.,,
L002,Ladies' light flesh satin dance shoe with rhinestones,"Ladies' light flesh satin dance shoe with rhinestones. Heel: 6.5 or 7.5 cm flare. Available in sizes 36,37,38,39,40,41,42.",Γυναικείο ανοιχτόχρωμο σατέν παπούτσι χορού με στρας,"Γυναικείο ανοιχτόχρωμο σατέν παπούτσι χορού με στρας. Τακούνι: 6.5 ή 7.5 cm flare. Διατίθεται στα μεγέθη 36,37,38,39,40,41,42.",63,"36,37,38,39,40,41,42",Light Flesh,Satin,Ladies' light flesh satin dance shoe with rhinestones with 6.5 or 7.5 cm flare heel.,Γυναικείο ανοιχτόχρωμο σατέν παπούτσι χορού με στρας με τακούνι 6.5 ή 7.5 cm flare.,,
200101,Ladies' leather practice shoe,"Ladies' leather practice shoe. Heel: 1.6 inches. Available in sizes 35,36,37,38,39,40,41.",Γυναικείο δερμάτινο παπούτσι προπόνησης,"Γυναικείο δερμάτινο παπούτσι προπόνησης. Τακούνι: 1.6 ίντσες. Διατίθεται στα μεγέθη 35,36,37,38,39,40,41.",79,"35,36,37,38,39,40,41",,Leather,Ladies' leather practice shoe with 1.6 inches heel.,Γυναικείο δερμάτινο παπούτσι προπόνησης με τακούνι 1.6 ίντσες.,,
7075PS,Pink satin dance shoe,"Pink satin dance shoe. Heel: 1.5 inches. Available in sizes 27,28,29,30,31,32,33,34,35,36,37,38,39,40,41,42.",Ροζ σατέν παπούτσι χορού,"Ροζ σατέν παπούτσι χορού. Τακούνι: 1.5 ίντσες. Διατίθεται στα μεγέθη 27,28,29,30,31,32,33,34,35,36,37,38,39,40,41,42.",54,"27,28,29,30,31,32,33,34,35,36,37,38,39,40,41,42",Pink,Satin,Pink satin dance shoe with 1.5 inches heel.,Ροζ σατέν παπούτσι χορού με τακούνι 1.5 ίντσες.,,
7075SG,Silver glitter dance shoe,"Silver glitter dance shoe. Heel: 1.5 inches. Available in sizes 30,31,32,33,34,35,36,37,38,39,40,41,42.",Ασημί γκλίτερ παπούτσι χορού,"Ασημί γκλίτερ παπούτσι χορού. Τακούνι: 1.5 ίντσες. Διατίθεται στα μεγέθη 30,31,32,33,34,35,36,37,38,39,40,41,42.",54,"30,31,32,33,34,35,36,37,38,39,40,41,42",Silver,Glitter,Silver glitter dance shoe with 1.5 inches heel.,Ασημί γκλίτερ παπούτσι χορού με τακούνι 1.5 ίντσες.,,
7076PS,Pink satin dance shoe,"Pink satin dance shoe. Heel: 1.5 inches. Available in sizes 27,28,29,30,31,32,33,34,35,36,37,38,39,40,41,42.",Ροζ σατέν παπούτσι χορού,"Ροζ σατέν παπούτσι χορού. Τακούνι: 1.5 ίντσες. Διατίθεται στα μεγέθη 27,28,29,30,31,32,33,34,35,36,37,38,39,40,41,42.",54,"27,28,29,30,31,32,33,34,35,36,37,38,39,40,41,42",Pink,Satin,Pink satin dance shoe with 1.5 inches heel.,Ροζ σατέν παπούτσι χορού με τακούνι 1.5 ίντσες.,,
7077PS,Pink satin dance shoe,"Pink satin dance shoe. Heel: 1.5 inches. Available in sizes 27,28,29,30,31,32,33,34,35,36,37,38,39,40,41,42.",Ροζ σατέν παπούτσι χορού,"Ροζ σατέν παπούτσι χορού. Τακούνι: 1.5 ίντσες. Διατίθεται στα μεγέθη 27,28,29,30,31,32,33,34,35,36,37,38,39,40,41,42.",54,"27,28,29,30,31,32,33,34,35,36,37,38,39,40,41,42",Pink,Satin,Pink satin dance shoe with 1.5 inches heel.,Ροζ σατέν παπούτσι χορού με τακούνι 1.5 ίντσες.,,
7077BS,Black satin dance shoe,"Black satin dance shoe. Heel: 1.5 inches. Available in sizes 30,31,32,33,34,35,36,37,38,39,40,41,42.",Μαύρο σατέν παπούτσι χορού,"Μαύρο σατέν παπούτσι χορού. Τακούνι: 1.5 ίντσες. Διατίθεται στα μεγέθη 30,31,32,33,34,35,36,37,38,39,40,41,42.",54,"30,31,32,33,34,35,36,37,38,39,40,41,42",Black,Satin,Black satin dance shoe with 1.5 inches heel.,Μαύρο σατέν παπούτσι χορού με τακούνι 1.5 ίντσες.,,
K001,White leather dance shoe,"White leather dance shoe. Heel: 3 cm. Available in sizes 30,31,32,33,34,35,36,37,38,39,40,41,42.",Λευκό δερμάτινο παπούτσι χορού,"Λευκό δερμάτινο παπούτσι χορού. Τακούνι: 3 cm. Διατίθεται στα μεγέθη 30,31,32,33,34,35,36,37,38,39,40,41,42.",54,"30,31,32,33,34,35,36,37,38,39,40,41,42",White,Leather,White leather dance shoe with 3 cm heel.,Λευκό δερμάτινο παπούτσι χορού με τακούνι 3 cm.,,
LM501,Men's black leather ballroom shoe,"Men's black leather ballroom shoe. Heel: 1.0 inch. Available in sizes 38,39,40,41,42,43,44,45.",Ανδρικό μαύρο δερμάτινο παπούτσι ballroom,"Ανδρικό μαύρο δερμάτινο παπούτσι ballroom. Τακούνι: 1.0 ίντσα. Διατίθεται στα μεγέθη 38,39,40,41,42,43,44,45.",90,"38,39,40,41,42,43,44,45",Black,Leather,Men's black leather ballroom shoe with 1.0 inch heel.,Ανδρικό μαύρο δερμάτινο παπούτσι ballroom με τακούνι 1.0 ίντσα.,,
230401b,Boys' black Latin dance shoe,"Boys' black Latin dance shoe. Heel: 1.6 inches. Available in sizes 33,34,35,36,37,38.",Αγορίστικο μαύρο παπούτσι Latin,"Αγορίστικο μαύρο παπούτσι Latin. Τακούνι: 1.6 ίντσες. Διατίθεται στα μεγέθη 33,34,35,36,37,38.",73,"33,34,35,36,37,38",Black,Leatheroid,Boys' black Latin dance shoe with 1.6 inches heel.,Αγορίστικο μαύρο παπούτσι Latin με τακούνι 1.6 ίντσες.,,
250502b,Boys' black ballroom dance shoe,"Boys' black ballroom dance shoe. Heel: 1.0 inch. Available in sizes 30,31,32,33,34,35,36,37,38.",Αγορίστικο μαύρο παπούτσι ballroom,"Αγορίστικο μαύρο παπούτσι ballroom. Τακούνι: 1.0 ίντσα. Διατίθεται στα μεγέθη 30,31,32,33,34,35,36,37,38.",73,"30,31,32,33,34,35,36,37,38",Black,Leatheroid,Boys' black ballroom dance shoe with 1.0 inch heel.,Αγορίστικο μαύρο παπούτσι ballroom με τακούνι 1.0 ίντσα.,,
230401,Men's black leather Latin shoe,"Men's black leather Latin shoe. Heel: 1.6 inches. Available in sizes 39,40,41,42,43,44,45.",Ανδρικό μαύρο δερμάτινο παπούτσι Latin,"Ανδρικό μαύρο δερμάτινο παπούτσι Latin. Τακούνι: 1.6 ίντσες. Διατίθεται στα μεγέθη 39,40,41,42,43,44,45.",101,"39,40,41,42,43,44,45",Black,Leather,Men's black leather Latin shoe with 1.6 inches heel.,Ανδρικό μαύρο δερμάτινο παπούτσι Latin με τακούνι 1.6 ίντσες.,,
250502,Men's black leather ballroom shoe,"Men's black leather ballroom shoe. Heel: 1.0 inch. Available in sizes 41,42,43,44,45,46,47.",Ανδρικό μαύρο δερμάτινο παπούτσι ballroom,"Ανδρικό μαύρο δερμάτινο παπούτσι ballroom. Τακούνι: 1.0 ίντσα. Διατίθεται στα μεγέθη 41,42,43,44,45,46,47.",101,"41,42,43,44,45,46,47",Black,Leather,Men's black leather ballroom shoe with 1.0 inch heel.,Ανδρικό μαύρο δερμάτινο παπούτσι ballroom με τακούνι 1.0 ίντσα.,,
7016,Black leather Latin shoe,"Black leather Latin shoe. Heel: 1.6 inches. Available in sizes 38,39,40,41,42,43,44,45,46.",Μαύρο δερμάτινο παπούτσι Latin,"Μαύρο δερμάτινο παπούτσι Latin. Τακούνι: 1.6 ίντσες. Διατίθεται στα μεγέθη 38,39,40,41,42,43,44,45,46.",101,"38,39,40,41,42,43,44,45,46",Black,Leather,Black leather Latin shoe with 1.6 inches heel.,Μαύρο δερμάτινο παπούτσι Latin με τακούνι 1.6 ίντσες.,,
7017,Black leather ballroom shoe,"Black leather ballroom shoe. Heel: 1.0 inch. Available in sizes 38,39,40,41,42,43,44,45,46.",Μαύρο δερμάτινο παπούτσι ballroom,"Μαύρο δερμάτινο παπούτσι ballroom. Τακούνι: 1.0 ίντσα. Διατίθεται στα μεγέθη 38,39,40,41,42,43,44,45,46.",101,"38,39,40,41,42,43,44,45,46",Black,Leather,Black leather ballroom shoe with 1.0 inch heel.,Μαύρο δερμάτινο παπούτσι ballroom με τακούνι 1.0 ίντσα.,,
250901,Black and white leather ballroom shoe,"Black and white leather ballroom shoe. Heel: 1.0 inch. Available in sizes 42,43,44.",Ασπρόμαυρο δερμάτινο παπούτσι ballroom,"Ασπρόμαυρο δερμάτινο παπούτσι ballroom. Τακούνι: 1.0 ίντσα. Διατίθεται στα μεγέθη 42,43,44.",68,"42,43,44","Black, White",Leather,Black and white leather ballroom shoe with 1.0 inch heel.,Ασπρόμαυρο δερμάτινο παπούτσι ballroom με τακούνι 1.0 ίντσα.,,
CD001,Beige and black satin dance shoe,"Beige and black satin dance shoe. Heel: 8.5 cm flare. Available in sizes 36,37,38,39,40,41.",Μπεζ και μαύρο σατέν παπούτσι χορού,"Μπεζ και μαύρο σατέν παπούτσι χορού. Τακούνι: 8.5 cm flare. Διατίθεται στα μεγέθη 36,37,38,39,40,41.",79,"36,37,38,39,40,41","Beige, Black",Satin,Beige and black satin dance shoe with 8.5 cm flare heel.,Μπεζ και μαύρο σατέν παπούτσι χορού με τακούνι 8.5 cm flare.,,
CD002,Black satin and mesh dance shoe with rhinestones,"Black satin and mesh dance shoe with rhinestones. Heel: 8.5 cm straight, 9.0 cm flare or 10.0 cm straight. Available in sizes 36,37,38,39,40,41.",Μαύρο σατέν παπούτσι χορού με διχτυωτό ύφασμα και στρας,"Μαύρο σατέν παπούτσι χορού με διχτυωτό ύφασμα και στρας. Τακούνι: 8.5 cm ίσιο, 9.0 cm flare ή 10.0 cm ίσιο. Διατίθεται στα μεγέθη 36,37,38,39,40,41.",88,"36,37,38,39,40,41",Black,"Satin, Mesh","Black satin and mesh dance shoe with rhinestones with 8.5 cm straight, 9.0 cm flare or 10.0 cm straight heel.","Μαύρο σατέν παπούτσι χορού με διχτυωτό ύφασμα και στρας με τακούνι 8.5 cm ίσιο, 9.0 cm flare ή 10.0 cm ίσιο.",,
CD003,Black satin dance shoe with rhinestones,"Black satin dance shoe with rhinestones. Heel: 8.5 cm flare. Available in sizes 36,37,38,39,40,41.",Μαύρο σατέν παπούτσι χορού με στρας,"Μαύρο σατέν παπούτσι χορού με στρας. Τακούνι: 8.5 cm flare. Διατίθεται στα μεγέθη 36,37,38,39,40,41.",101,"36,37,38,39,40,41",Black,Satin,Black satin dance shoe with rhinestones with 8.5 cm flare heel.,Μαύρο σατέν παπούτσι χορού με στρας με τακούνι 8.5 cm flare.,,
CD004,Black microfibre suede dance shoe with rhinestones,"Black microfibre suede dance shoe with rhinestones. Heel: 9.0 cm plated. Available in sizes 36,37,38,39,40,41.",Μαύρο παπούτσι χορού από σουέτ μικροΐνες με στρας,"Μαύρο παπούτσι χορού από σουέτ μικροΐνες με στρας. Τακούνι: 9.0 cm ενισχυμένο. Διατίθεται στα μεγέθη 36,37,38,39,40,41.",97,"36,37,38,39,40,41",Black,Microfibre Suede,Black microfibre suede dance shoe with rhinestones with 9.0 cm plated heel.,Μαύρο παπούτσι χορού από σουέτ μικροΐνες με στρας με τακούνι 9.0 cm ενισχυμένο.,,
9966,Girls' Latin skirt with tassels,"Girls' Latin skirt with tassels for dance practice and performance. Available in Black, Red, Royal Blue and sizes 6,8,10,12,14,16.",Κοριτσίστικη φούστα Latin με κρόσσια,"Κοριτσίστικη φούστα Latin με κρόσσια για προπόνηση και παραστάσεις χορού. Διατίθεται στα αναγραφόμενα χρώματα και στα μεγέθη 6,8,10,12,14,16.",25,"6,8,10,12,14,16","Black, Red, Royal Blue",,Girls' Latin skirt with tassels for dance.,Κοριτσίστικη φούστα Latin με κρόσσια για χορό.,,
9967,Women's Latin skirt with tassels,"Women's Latin skirt with tassels for dance practice and performance. Available in Black, Red, Royal Blue and sizes Medium,Large,X Large,XX Large.",Γυναικεία φούστα Latin με κρόσσια,"Γυναικεία φούστα Latin με κρόσσια για προπόνηση και παραστάσεις χορού. Διατίθεται στα αναγραφόμενα χρώματα και στα μεγέθη Medium,Large,X Large,XX Large.",27,"Medium,Large,X Large,XX Large","Black, Red, Royal Blue",,Women's Latin skirt with tassels for dance.,Γυναικεία φούστα Latin με κρόσσια για χορό.,,
9969,Girls' Latin skirt,"Girls' Latin skirt for dance practice and performance. Available in Fuchsia/Black, Black/Silver, Black/Fuchsia, Black/Red and sizes 120,130,140,150,160,170.",Κοριτσίστικη φούστα Latin,"Κοριτσίστικη φούστα Latin για προπόνηση και παραστάσεις χορού. Διατίθεται στα αναγραφόμενα χρώματα και στα μεγέθη 120,130,140,150,160,170.",25,"120,130,140,150,160,170","Fuchsia/Black, Black/Silver, Black/Fuchsia, Black/Red",,Girls' Latin skirt for dance.,Κοριτσίστικη φούστα Latin για χορό.,,
9956,Women's Latin skirt,"Women's Latin skirt for dance practice and performance. Available in Red, Burgundy, Black and sizes Medium,Large,X Large.",Γυναικεία φούστα Latin,"Γυναικεία φούστα Latin για προπόνηση και παραστάσεις χορού. Διατίθεται στα αναγραφόμενα χρώματα και στα μεγέθη Medium,Large,X Large.",68,"Medium,Large,X Large","Red, Burgundy, Black",,Women's Latin skirt for dance.,Γυναικεία φούστα Latin για χορό.,,
9965,Women's asymmetrical Latin skirt,"Women's asymmetrical Latin skirt for dance practice and performance. Available in Red, Black and sizes X Small,Small,Medium,Large,X Large.",Γυναικεία ασύμμετρη φούστα Latin,"Γυναικεία ασύμμετρη φούστα Latin για προπόνηση και παραστάσεις χορού. Διατίθεται στα αναγραφόμενα χρώματα και στα μεγέθη X Small,Small,Medium,Large,X Large.",36,"X Small,Small,Medium,Large,X Large","Red, Black",,Women's asymmetrical Latin skirt for dance.,Γυναικεία ασύμμετρη φούστα Latin για χορό.,,
9803,Wrap-around top,"Wrap-around top for dance practice and performance. Available in Coffee, Black and sizes Small,Medium,Large.",Κρουαζέ μπλούζα χορού,"Κρουαζέ μπλούζα χορού για προπόνηση και παραστάσεις χορού. Διατίθεται στα αναγραφόμενα χρώματα και στα μεγέθη Small,Medium,Large.",34,"Small,Medium,Large","Coffee, Black",,Wrap-around top for dance.,Κρουαζέ μπλούζα χορού για χορό.,,
9802,Wrap skirt with tulle,"Wrap skirt with tulle for dance practice and performance. Available in Black and sizes Small,Medium,Large.",Κρουαζέ φούστα με τούλι,"Κρουαζέ φούστα με τούλι για προπόνηση και παραστάσεις χορού. Διατίθεται στα αναγραφόμενα χρώματα και στα μεγέθη Small,Medium,Large.",43,"Small,Medium,Large",Black,Tulle,Wrap skirt with tulle for dance.,Κρουαζέ φούστα με τούλι για χορό.,,
9801,Lush fringe top,"Lush fringe top for dance practice and performance. Available in Red, Black and sizes Small,Medium,Large.",Μπλούζα χορού με πλούσια κρόσσια,"Μπλούζα χορού με πλούσια κρόσσια για προπόνηση και παραστάσεις χορού. Διατίθεται στα αναγραφόμενα χρώματα και στα μεγέθη Small,Medium,Large.",32,"Small,Medium,Large","Red, Black",,Lush fringe top for dance.,Μπλούζα χορού με πλούσια κρόσσια για χορό.,,
9800,Lush fringe dress,"Lush fringe dress for dance practice and performance. Available in Red, Black and sizes Small,Medium,Large.",Φόρεμα χορού με πλούσια κρόσσια,"Φόρεμα χορού με πλούσια κρόσσια για προπόνηση και παραστάσεις χορού. Διατίθεται στα αναγραφόμενα χρώματα και στα μεγέθη Small,Medium,Large.",79,"Small,Medium,Large","Red, Black",,Lush fringe dress for dance.,Φόρεμα χορού με πλούσια κρόσσια για χορό.,,
9920,One-piece Latin competition dance dress,"One-piece Latin competition dance dress for dance practice and performance. Available in Arctic Blue, Coral Pink and sizes 120,130,140,150,160,170,180.",Ολόσωμο φόρεμα αγώνων Latin,"Ολόσωμο φόρεμα αγώνων Latin για προπόνηση και παραστάσεις χορού. Διατίθεται στα αναγραφόμενα χρώματα και στα μεγέθη 120,130,140,150,160,170,180.",59,"120,130,140,150,160,170,180","Arctic Blue, Coral Pink",,One-piece Latin competition dance dress for dance.,Ολόσωμο φόρεμα αγώνων Latin για χορό.,,
9921,Two-piece Latin competition dance dress,"Two-piece Latin competition dance dress for dance practice and performance. Available in Red, Black and sizes 120,130,140,150,160,170,180.",Σετ δύο τεμαχίων για αγώνες Latin,"Σετ δύο τεμαχίων για αγώνες Latin για προπόνηση και παραστάσεις χορού. Διατίθεται στα αναγραφόμενα χρώματα και στα μεγέθη 120,130,140,150,160,170,180.",59,"120,130,140,150,160,170,180","Red, Black",,Two-piece Latin competition dance dress for dance.,Σετ δύο τεμαχίων για αγώνες Latin για χορό.,,
Brush Wooden,Wooden shoe brush,Wooden brush for the care and cleaning of dance shoes.,Ξύλινη βούρτσα παπουτσιών,Ξύλινη βούρτσα για τη φροντίδα και τον καθαρισμό παπουτσιών χορού.,9,,,Wood,Wooden brush for dance shoes.,Ξύλινη βούρτσα για παπούτσια χορού.,,
Brush Plastic,Plastic shoe brush,"Plastic brush for the care and cleaning of dance shoes. Available in white, pink and black.",Πλαστική βούρτσα παπουτσιών,"Πλαστική βούρτσα για τη φροντίδα και τον καθαρισμό παπουτσιών χορού. Διατίθεται σε λευκό, ροζ και μαύρο.",9,,"White, Pink, Black",Plastic,Plastic brush for dance shoes.,Πλαστική βούρτσα για παπούτσια χορού.,,
Heel Caps,Dance shoe heel caps,"Protective heel caps for dance shoes, available in multiple profiles for flare and stiletto heels.",Προστατευτικά τακουνιών χορού,"Προστατευτικά καλύμματα τακουνιών για παπούτσια χορού, σε διαφορετικούς τύπους για flare και stiletto τακούνια.",5,"P1,P2,P3,HC1,HC2,HC3,HC4,HC5,HC6",,Plastic,Protective caps for dance-shoe heels.,Προστατευτικά για τακούνια παπουτσιών χορού.,,
8A,Camisole leotard underlayer,"Camisole leotard underlayer for dance practice and performance. Available in Nude and sizes TS,MC,LC,SM,LXL.",Κορμάκι με λεπτές τιράντες για εσωτερική εφαρμογή,"Κορμάκι με λεπτές τιράντες για εσωτερική εφαρμογή για προπόνηση και παραστάσεις χορού. Διατίθεται στα αναγραφόμενα χρώματα και στα μεγέθη TS,MC,LC,SM,LXL.",17,"TS,MC,LC,SM,LXL",Nude,,Camisole leotard underlayer for dance.,Κορμάκι με λεπτές τιράντες για εσωτερική εφαρμογή για χορό.,,
8B,Women's dance bra underlayer,"Women's dance bra underlayer for dance practice and performance. Available in Nude and sizes SM,LXL.",Γυναικείο σουτιέν χορού για εσωτερική εφαρμογή,"Γυναικείο σουτιέν χορού για εσωτερική εφαρμογή για προπόνηση και παραστάσεις χορού. Διατίθεται στα αναγραφόμενα χρώματα και στα μεγέθη SM,LXL.",17,"SM,LXL",Nude,,Women's dance bra underlayer for dance.,Γυναικείο σουτιέν χορού για εσωτερική εφαρμογή για χορό.,,
8C,Women's dance brief underlayer,"Women's dance brief underlayer for dance practice and performance. Available in Nude and sizes SA,MA,LA.",Γυναικείο σλιπ χορού για εσωτερική εφαρμογή,"Γυναικείο σλιπ χορού για εσωτερική εφαρμογή για προπόνηση και παραστάσεις χορού. Διατίθεται στα αναγραφόμενα χρώματα και στα μεγέθη SA,MA,LA.",9,"SA,MA,LA",Nude,,Women's dance brief underlayer for dance.,Γυναικείο σλιπ χορού για εσωτερική εφαρμογή για χορό.,,
26,Cap-sleeve velour leotard,"Cap-sleeve velour leotard for dance practice and performance. Available in Burgundy, Navy, Black and sizes MC,LC,XLC,SA,MA,LA,XLA.",Βελουτέ κορμάκι με κοντό μανίκι,"Βελουτέ κορμάκι με κοντό μανίκι για προπόνηση και παραστάσεις χορού. Διατίθεται στα αναγραφόμενα χρώματα και στα μεγέθη MC,LC,XLC,SA,MA,LA,XLA.",31,"MC,LC,XLC,SA,MA,LA,XLA","Burgundy, Navy, Black",Velour,Cap-sleeve velour leotard for dance.,Βελουτέ κορμάκι με κοντό μανίκι για χορό.,,
29,Short-sleeve lace leotard,"Short-sleeve lace leotard for dance practice and performance. Available in Lavender, Black and sizes XSC,SC,MC,LC,XLC.",Κορμάκι με κοντό μανίκι και δαντέλα,"Κορμάκι με κοντό μανίκι και δαντέλα για προπόνηση και παραστάσεις χορού. Διατίθεται στα αναγραφόμενα χρώματα και στα μεγέθη XSC,SC,MC,LC,XLC.",31,"XSC,SC,MC,LC,XLC","Lavender, Black",Lace,Short-sleeve lace leotard for dance.,Κορμάκι με κοντό μανίκι και δαντέλα για χορό.,,
DZ002,Short-sleeve lace leotard,"Short-sleeve lace leotard for dance practice and performance. Available in Pink, Powder Blue and sizes XSC,SC,MC,LC,XLC,SA,MA,LA,XLA.",Κορμάκι με κοντό μανίκι και δαντέλα,"Κορμάκι με κοντό μανίκι και δαντέλα για προπόνηση και παραστάσεις χορού. Διατίθεται στα αναγραφόμενα χρώματα και στα μεγέθη XSC,SC,MC,LC,XLC,SA,MA,LA,XLA.",36,"XSC,SC,MC,LC,XLC,SA,MA,LA,XLA","Pink, Powder Blue",Lace,Short-sleeve lace leotard for dance.,Κορμάκι με κοντό μανίκι και δαντέλα για χορό.,,
DZ004,Flutter-sleeve leotard with flower embroidery,"Flutter-sleeve leotard with flower embroidery for dance practice and performance. Available in Dandelion/Lavender, Cherry/Cherry and sizes XSC,SC,MC,LC,XLC,SA,MA,LA,XLA.",Κορμάκι με μανίκια πεταλούδα και κέντημα λουλουδιών,"Κορμάκι με μανίκια πεταλούδα και κέντημα λουλουδιών για προπόνηση και παραστάσεις χορού. Διατίθεται στα αναγραφόμενα χρώματα και στα μεγέθη XSC,SC,MC,LC,XLC,SA,MA,LA,XLA.",36,"XSC,SC,MC,LC,XLC,SA,MA,LA,XLA","Dandelion/Lavender, Cherry/Cherry",,Flutter-sleeve leotard with flower embroidery for dance.,Κορμάκι με μανίκια πεταλούδα και κέντημα λουλουδιών για χορό.,,
DZ007,Cap-sleeve leotard,"Cap-sleeve leotard for dance practice and performance. Available in Avocado, Flamingo, Black and sizes SC,MC,LC,XLC,SA,MA,LA,XLA.",Κορμάκι με κοντό μανίκι,"Κορμάκι με κοντό μανίκι για προπόνηση και παραστάσεις χορού. Διατίθεται στα αναγραφόμενα χρώματα και στα μεγέθη SC,MC,LC,XLC,SA,MA,LA,XLA.",36,"SC,MC,LC,XLC,SA,MA,LA,XLA","Avocado, Flamingo, Black",,Cap-sleeve leotard for dance.,Κορμάκι με κοντό μανίκι για χορό.,,
DZ008,Sleeveless leotard with motifs,"Sleeveless leotard with motifs for dance practice and performance. Available in Pea Green, Navy/Red and sizes XSC,SC,MC,LC,XLC,SA,MA,LA,XLA.",Αμάνικο κορμάκι με μοτίβα,"Αμάνικο κορμάκι με μοτίβα για προπόνηση και παραστάσεις χορού. Διατίθεται στα αναγραφόμενα χρώματα και στα μεγέθη XSC,SC,MC,LC,XLC,SA,MA,LA,XLA.",36,"XSC,SC,MC,LC,XLC,SA,MA,LA,XLA","Pea Green, Navy/Red",,Sleeveless leotard with motifs for dance.,Αμάνικο κορμάκι με μοτίβα για χορό.,,
LTC1227C,Three-quarter-sleeve leotard with mesh,"Three-quarter-sleeve leotard with mesh for dance practice and performance. Available in Navy, Black and sizes SA,MA,LA,XLA,XXLA.",Κορμάκι με μανίκι τριών τετάρτων και διχτυωτό ύφασμα,"Κορμάκι με μανίκι τριών τετάρτων και διχτυωτό ύφασμα για προπόνηση και παραστάσεις χορού. Διατίθεται στα αναγραφόμενα χρώματα και στα μεγέθη SA,MA,LA,XLA,XXLA.",36,"SA,MA,LA,XLA,XXLA","Navy, Black",Mesh,Three-quarter-sleeve leotard with mesh for dance.,Κορμάκι με μανίκι τριών τετάρτων και διχτυωτό ύφασμα για χορό.,,
LTC1764,Wide-strap leotard with side ruching,"Wide-strap leotard with side ruching for dance practice and performance. Available in Dusty Rose, Black and sizes SA,MA,LA.",Κορμάκι με φαρδιές τιράντες και πλαϊνή σούρα,"Κορμάκι με φαρδιές τιράντες και πλαϊνή σούρα για προπόνηση και παραστάσεις χορού. Διατίθεται στα αναγραφόμενα χρώματα και στα μεγέθη SA,MA,LA.",36,"SA,MA,LA","Dusty Rose, Black",,Wide-strap leotard with side ruching for dance.,Κορμάκι με φαρδιές τιράντες και πλαϊνή σούρα για χορό.,,
LTC24001,High-cut leotard with mesh,"High-cut leotard with mesh for dance practice and performance. Available in Light Yellow, Sky Blue, Lavender, Jade Green and sizes SA,MA,LA.",Ψηλόμεσο κορμάκι με διχτυωτό ύφασμα,"Ψηλόμεσο κορμάκι με διχτυωτό ύφασμα για προπόνηση και παραστάσεις χορού. Διατίθεται στα αναγραφόμενα χρώματα και στα μεγέθη SA,MA,LA.",41,"SA,MA,LA","Light Yellow, Sky Blue, Lavender, Jade Green",Mesh,High-cut leotard with mesh for dance.,Ψηλόμεσο κορμάκι με διχτυωτό ύφασμα για χορό.,,
LTCH25088N,Keyhole-neck leotard,"Keyhole-neck leotard for dance practice and performance. Available in Nude, Mauve Lotus and sizes SA,MA,LA.",Κορμάκι με άνοιγμα στη λαιμόκοψη,"Κορμάκι με άνοιγμα στη λαιμόκοψη για προπόνηση και παραστάσεις χορού. Διατίθεται στα αναγραφόμενα χρώματα και στα μεγέθη SA,MA,LA.",54,"SA,MA,LA","Nude, Mauve Lotus",,Keyhole-neck leotard for dance.,Κορμάκι με άνοιγμα στη λαιμόκοψη για χορό.,,
LTEY26039,Short-sleeve tutu leotard,"Short-sleeve tutu leotard for dance practice and performance. Available in Lavender, Lime Green and sizes XXS,XS,S,M,L,XL,XXL.",Κορμάκι με κοντό μανίκι και tutu,"Κορμάκι με κοντό μανίκι και tutu για προπόνηση και παραστάσεις χορού. Διατίθεται στα αναγραφόμενα χρώματα και στα μεγέθη XXS,XS,S,M,L,XL,XXL.",34,"XXS,XS,S,M,L,XL,XXL","Lavender, Lime Green",,Short-sleeve tutu leotard for dance.,Κορμάκι με κοντό μανίκι και tutu για χορό.,,
4AXH,Women's wrap-around skirt with flowers,Women's wrap-around skirt with flowers for dance practice and performance. Available in Black with Flowers and sizes One Size.,Γυναικεία κρουαζέ φούστα με λουλούδια,Γυναικεία κρουαζέ φούστα με λουλούδια για προπόνηση και παραστάσεις χορού. Διατίθεται στα αναγραφόμενα χρώματα και στα μεγέθη One Size.,16,One Size,Black with Flowers,,Women's wrap-around skirt with flowers for dance.,Γυναικεία κρουαζέ φούστα με λουλούδια για χορό.,,
4BXH,Women's wrap-around skirt with flowers,Women's wrap-around skirt with flowers for dance practice and performance. Available in White with Yellow Flowers and sizes One Size.,Γυναικεία κρουαζέ φούστα με λουλούδια,Γυναικεία κρουαζέ φούστα με λουλούδια για προπόνηση και παραστάσεις χορού. Διατίθεται στα αναγραφόμενα χρώματα και στα μεγέθη One Size.,16,One Size,White with Yellow Flowers,,Women's wrap-around skirt with flowers for dance.,Γυναικεία κρουαζέ φούστα με λουλούδια για χορό.,,
4DXH,Women's wrap-around skirt with flowers,Women's wrap-around skirt with flowers for dance practice and performance. Available in White with Purple Flowers and sizes One Size.,Γυναικεία κρουαζέ φούστα με λουλούδια,Γυναικεία κρουαζέ φούστα με λουλούδια για προπόνηση και παραστάσεις χορού. Διατίθεται στα αναγραφόμενα χρώματα και στα μεγέθη One Size.,16,One Size,White with Purple Flowers,,Women's wrap-around skirt with flowers for dance.,Γυναικεία κρουαζέ φούστα με λουλούδια για χορό.,,
Tutu001,Organza tutu,"Organza tutu for dance practice and performance. Available in White, Pink, Sky Blue, Yellow, Light Green, Navy, Grey/Silver and sizes SC,MC,LC,XLC.",Tutu από οργάντζα,"Tutu από οργάντζα για προπόνηση και παραστάσεις χορού. Διατίθεται στα αναγραφόμενα χρώματα και στα μεγέθη SC,MC,LC,XLC.",19,"SC,MC,LC,XLC","White, Pink, Sky Blue, Yellow, Light Green, Navy, Grey/Silver",Organza,Organza tutu for dance.,Tutu από οργάντζα για χορό.,,
Tutu002,Organza tutu,"Organza tutu for dance practice and performance. Available in White, Pink, Sky Blue, Yellow, Light Green, Navy, Grey/Silver and sizes SC,MC,LC,XLC.",Tutu από οργάντζα,"Tutu από οργάντζα για προπόνηση και παραστάσεις χορού. Διατίθεται στα αναγραφόμενα χρώματα και στα μεγέθη SC,MC,LC,XLC.",19,"SC,MC,LC,XLC","White, Pink, Sky Blue, Yellow, Light Green, Navy, Grey/Silver",Organza,Organza tutu for dance.,Tutu από οργάντζα για χορό.,,
Tutu003,Organza tutu,"Organza tutu for dance practice and performance. Available in White, Pink, Sky Blue, Yellow, Light Green, Navy, Grey/Silver and sizes SC,MC,LC,XLC.",Tutu από οργάντζα,"Tutu από οργάντζα για προπόνηση και παραστάσεις χορού. Διατίθεται στα αναγραφόμενα χρώματα και στα μεγέθη SC,MC,LC,XLC.",19,"SC,MC,LC,XLC","White, Pink, Sky Blue, Yellow, Light Green, Navy, Grey/Silver",Organza,Organza tutu for dance.,Tutu από οργάντζα για χορό.,,
62,Dance sweater,"Dance sweater for dance practice and performance. Available in Pink, Black and sizes SC,LC,XXLC,MA,XLA.",Πλεκτή μπλούζα χορού,"Πλεκτή μπλούζα χορού για προπόνηση και παραστάσεις χορού. Διατίθεται στα αναγραφόμενα χρώματα και στα μεγέθη SC,LC,XXLC,MA,XLA.",23,"SC,LC,XXLC,MA,XLA","Pink, Black",,Dance sweater for dance.,Πλεκτή μπλούζα χορού για χορό.,,
921W3,Black dance backpack,Black backpack for carrying dancewear and accessories.,Μαύρο σακίδιο χορού,Μαύρο σακίδιο για τη μεταφορά ρούχων και αξεσουάρ χορού.,21,,Black,,Black dance backpack,Μαύρο σακίδιο χορού,,
922W3,Pink dance backpack,Pink backpack for carrying dancewear and accessories.,Ροζ σακίδιο χορού,Ροζ σακίδιο για τη μεταφορά ρούχων και αξεσουάρ χορού.,21,,Pink,,Pink dance backpack,Ροζ σακίδιο χορού,,
912W2,Pink dance tote bag with sling,Pink tote bag with shoulder sling for carrying dancewear and accessories.,Ροζ τσάντα χορού με λουρί ώμου,Ροζ τσάντα με λουρί ώμου για τη μεταφορά ρούχων και αξεσουάρ χορού.,17,,Pink,,Pink dance tote bag with sling,Ροζ τσάντα χορού με λουρί ώμου,,
952WE,Pink dance sling bag,Pink sling bag for carrying dance accessories.,Ροζ τσάντα χορού ώμου,Ροζ τσάντα ώμου για τη μεταφορά αξεσουάρ χορού.,12,,Pink,,Pink dance sling bag,Ροζ τσάντα χορού ώμου,,
962WF,Pink dance backpack,Pink backpack for carrying dancewear and accessories.,Ροζ σακίδιο χορού,Ροζ σακίδιο για τη μεταφορά ρούχων και αξεσουάρ χορού.,17,,Pink,,Pink dance backpack,Ροζ σακίδιο χορού,,
94MWD,Purple shiny barrel bag,Purple shiny barrel bag for carrying dancewear and accessories.,Μωβ γυαλιστερή κυλινδρική τσάντα,Μωβ γυαλιστερή κυλινδρική τσάντα για τη μεταφορά ρούχων και αξεσουάρ χορού.,21,,Purple,,Purple shiny barrel bag,Μωβ γυαλιστερή κυλινδρική τσάντα,,
PS90W,Pointe shoe keychain,Pointe shoe keychain available in pink and lavender.,Μπρελόκ παπουτσιού pointe,"Μπρελόκ σε σχήμα παπουτσιού pointe, διαθέσιμο σε ροζ και λεβάντα.",9,,"Pink, Lavender",,Pointe shoe keychain,Μπρελόκ παπουτσιού pointe,,
PS90W2,Mini pointe shoe keychain,Superior-quality mini pointe shoe keychain in five colours.,Μίνι μπρελόκ παπουτσιού pointe,"Μίνι μπρελόκ υψηλής ποιότητας σε σχήμα παπουτσιού pointe, διαθέσιμο σε πέντε χρώματα.",12,,"Pink, Lavender, Sky Blue, Red, Royal Blue",,Mini pointe shoe keychain,Μίνι μπρελόκ παπουτσιού pointe,,
P6,Gel toe toppers,Gel toe toppers designed to cushion the toes inside dance shoes.,Προστατευτικά δαχτύλων με gel,Προστατευτικά με gel για απορρόφηση της πίεσης στα δάχτυλα μέσα στα παπούτσια χορού.,4,,,Gel,Gel toe toppers,Προστατευτικά δαχτύλων με gel,,
P3,Elastic cotton tape,Elastic cotton tape measuring 2.5 cm × 4.5 m.,Ελαστική βαμβακερή ταινία,"Ελαστική βαμβακερή ταινία διαστάσεων 2,5 cm × 4,5 m.",7,,,Cotton,Elastic cotton tape,Ελαστική βαμβακερή ταινία,,
P1,Silicone toe pad,Silicone toe pad for cushioning and protecting the toes inside dance shoes.,Προστατευτικό δαχτύλων από σιλικόνη,Προστατευτικό από σιλικόνη για απορρόφηση της πίεσης και προστασία των δαχτύλων μέσα στα παπούτσια χορού.,8,,,Silicone,Silicone toe pad,Προστατευτικό δαχτύλων από σιλικόνη,,
TTC,Tip-toe cushion,"Toe cushion for added comfort inside dance shoes. Available in sizes S, M and L.",Μαξιλαράκι δαχτύλων,"Μαξιλαράκι δαχτύλων για μεγαλύτερη άνεση μέσα στα παπούτσια χορού. Διατίθεται σε μεγέθη S, M και L.",16,"S,M,L",,,Tip-toe cushion,Μαξιλαράκι δαχτύλων,,
PS987,Padded knee pads,"Padded knee pads for dance practice, available in sizes S, M and L.",Επιγονατίδες με επένδυση,"Επιγονατίδες με επένδυση για την προπόνηση χορού, διαθέσιμες σε μεγέθη S, M και L.",12,"S,M,L",,,Padded knee pads,Επιγονατίδες με επένδυση,,
DY3418,Girls' camisole leotard,"Girls' camisole leotard for dance practice and performance. Available in Sky Blue and sizes SC,MC,LC,XLC.",Κοριτσίστικο κορμάκι με λεπτές τιράντες,"Κοριτσίστικο κορμάκι με λεπτές τιράντες για προπόνηση και παραστάσεις χορού. Διατίθεται στα αναγραφόμενα χρώματα και στα μεγέθη SC,MC,LC,XLC.",19,"SC,MC,LC,XLC",Sky Blue,,Girls' camisole leotard for dance.,Κοριτσίστικο κορμάκι με λεπτές τιράντες για χορό.,,
DY3216,Girls' tank leotard with rhinestones,"Girls' tank leotard with rhinestones for dance practice and performance. Available in Lavender, Black and sizes SC,MC,LC,XLC.",Κοριτσίστικο αμάνικο κορμάκι με στρας,"Κοριτσίστικο αμάνικο κορμάκι με στρας για προπόνηση και παραστάσεις χορού. Διατίθεται στα αναγραφόμενα χρώματα και στα μεγέθη SC,MC,LC,XLC.",30,"SC,MC,LC,XLC","Lavender, Black",,Girls' tank leotard with rhinestones for dance.,Κοριτσίστικο αμάνικο κορμάκι με στρας για χορό.,,
DY3623,Girls' empire dance dress,"Girls' empire dance dress for dance practice and performance. Available in Pink, Pale Blue and sizes SC,MC,LC,XLC.",Κοριτσίστικο φόρεμα χορού σε γραμμή empire,"Κοριτσίστικο φόρεμα χορού σε γραμμή empire για προπόνηση και παραστάσεις χορού. Διατίθεται στα αναγραφόμενα χρώματα και στα μεγέθη SC,MC,LC,XLC.",32,"SC,MC,LC,XLC","Pink, Pale Blue",,Girls' empire dance dress for dance.,Κοριτσίστικο φόρεμα χορού σε γραμμή empire για χορό.,,
DY3118,Women's short-sleeve leotard,"Women's short-sleeve leotard for dance practice and performance. Available in Sunset Red, Black and sizes SA,MA,LA,XLA.",Γυναικείο κορμάκι με κοντό μανίκι,"Γυναικείο κορμάκι με κοντό μανίκι για προπόνηση και παραστάσεις χορού. Διατίθεται στα αναγραφόμενα χρώματα και στα μεγέθη SA,MA,LA,XLA.",35,"SA,MA,LA,XLA","Sunset Red, Black",,Women's short-sleeve leotard for dance.,Γυναικείο κορμάκι με κοντό μανίκι για χορό.,,
DY3119,Women's short-sleeve lace leotard,"Women's short-sleeve lace leotard for dance practice and performance. Available in Amethyst, Burgundy, Black and sizes SA,MA,LA,XLA,XXLA.",Γυναικείο κορμάκι με κοντό μανίκι και δαντέλα,"Γυναικείο κορμάκι με κοντό μανίκι και δαντέλα για προπόνηση και παραστάσεις χορού. Διατίθεται στα αναγραφόμενα χρώματα και στα μεγέθη SA,MA,LA,XLA,XXLA.",37,"SA,MA,LA,XLA,XXLA","Amethyst, Burgundy, Black",Lace,Women's short-sleeve lace leotard for dance.,Γυναικείο κορμάκι με κοντό μανίκι και δαντέλα για χορό.,,
DY3120,Women's short-sleeve lace leotard,"Women's short-sleeve lace leotard for dance practice and performance. Available in Black and sizes LC,XLC,SA,MA,LA.",Γυναικείο κορμάκι με κοντό μανίκι και δαντέλα,"Γυναικείο κορμάκι με κοντό μανίκι και δαντέλα για προπόνηση και παραστάσεις χορού. Διατίθεται στα αναγραφόμενα χρώματα και στα μεγέθη LC,XLC,SA,MA,LA.",36,"LC,XLC,SA,MA,LA",Black,Lace,Women's short-sleeve lace leotard for dance.,Γυναικείο κορμάκι με κοντό μανίκι και δαντέλα για χορό.,,
DY3626,Women's mesh camisole leotard with skirt,"Women's mesh camisole leotard with skirt for dance practice and performance. Available in Black and sizes LC,SA,MA,LA.","Γυναικείο κορμάκι με λεπτές τιράντες, διχτυωτό ύφασμα και φούστα","Γυναικείο κορμάκι με λεπτές τιράντες, διχτυωτό ύφασμα και φούστα για προπόνηση και παραστάσεις χορού. Διατίθεται στα αναγραφόμενα χρώματα και στα μεγέθη LC,SA,MA,LA.",40,"LC,SA,MA,LA",Black,Mesh,Women's mesh camisole leotard with skirt for dance.,"Γυναικείο κορμάκι με λεπτές τιράντες, διχτυωτό ύφασμα και φούστα για χορό.",,
DY5116,Women's power-mesh layer top,"Women's power-mesh layer top for dance practice and performance. Available in Lila, Royal Blue, Black and sizes One Size.",Γυναικεία μπλούζα από ελαστικό διχτυωτό ύφασμα,Γυναικεία μπλούζα από ελαστικό διχτυωτό ύφασμα για προπόνηση και παραστάσεις χορού. Διατίθεται στα αναγραφόμενα χρώματα και στα μεγέθη One Size.,14,One Size,"Lila, Royal Blue, Black",Power Mesh,Women's power-mesh layer top for dance.,Γυναικεία μπλούζα από ελαστικό διχτυωτό ύφασμα για χορό.,,
DY7704,Character skirt,"Character skirt for dance practice and performance. Available in Pink, Sky Blue, Purple and sizes SC,MC,LC,XLC,MA.",Φούστα character,"Φούστα character για προπόνηση και παραστάσεις χορού. Διατίθεται στα αναγραφόμενα χρώματα και στα μεγέθη SC,MC,LC,XLC,MA.",36,"SC,MC,LC,XLC,MA","Pink, Sky Blue, Purple",,Character skirt for dance.,Φούστα character για χορό.,,
DY1468,Flyknit jazz sneakers,"Light-tan Flyknit jazz sneakers, available in sizes 36 to 43.",Πλεκτά παπούτσια jazz,"Πλεκτά παπούτσια jazz σε ανοιχτό μπεζ, διαθέσιμα στα μεγέθη 36 έως 43.",51,"36,37,38,39,40,41,42,43",Light Tan,Flyknit,Flyknit jazz sneakers,Πλεκτά παπούτσια jazz,,
DY1474,Dance sneakers,"White dance sneakers, available in sizes 37 to 42.",Αθλητικά παπούτσια χορού,"Λευκά αθλητικά παπούτσια χορού, διαθέσιμα στα μεγέθη 37 έως 42.",72,"37,38,39,40,41,42",White,,Dance sneakers,Αθλητικά παπούτσια χορού,,
DY8017,Ballet-shoe hair clip,"Hair clip decorated with ballet shoes, available in pink and purple.",Κλιπ μαλλιών με παπούτσια μπαλέτου,"Κλιπ μαλλιών διακοσμημένο με παπούτσια μπαλέτου, διαθέσιμο σε ροζ και μωβ.",4,,"Pink, Purple",,Ballet-shoe hair clip,Κλιπ μαλλιών με παπούτσια μπαλέτου,,
DY8011,Hairpin kit,Hairpin kit for securing dance hairstyles.,Σετ φουρκετών,Σετ φουρκετών για τη σταθερή συγκράτηση χτενισμάτων χορού.,6,,,,Hairpin kit,Σετ φουρκετών,,
DY8308,Ribbon with sewn elastic,Dance-shoe ribbon with sewn elastic.,Κορδέλα με ραμμένο λάστιχο,Κορδέλα παπουτσιών χορού με ραμμένο λάστιχο.,7,,,,Ribbon with sewn elastic,Κορδέλα με ραμμένο λάστιχο,,
DY82027,Ouch pouch,"Toe pouch for cushioning inside pointe shoes, available in sizes S, M and L.",Προστατευτικό δαχτύλων Ouch Pouch,"Προστατευτικό δαχτύλων για απορρόφηση της πίεσης μέσα στα παπούτσια pointe, διαθέσιμο σε μεγέθη S, M και L.",16,"S,M,L",,,Ouch pouch,Προστατευτικό δαχτύλων Ouch Pouch,,
DY8203,Printed ouch pouch,"Printed toe pouch for cushioning inside pointe shoes, available in sizes S, M and L.",Εμπριμέ προστατευτικό δαχτύλων Ouch Pouch,"Εμπριμέ προστατευτικό δαχτύλων για απορρόφηση της πίεσης μέσα στα παπούτσια pointe, διαθέσιμο σε μεγέθη S, M και L.",16,"S,M,L",,,Printed ouch pouch,Εμπριμέ προστατευτικό δαχτύλων Ouch Pouch,,
DY8712,Flesh-tone knee pads,"Flesh-tone knee pads for dance practice, available in sizes XS to XL.",Επιγονατίδες σε απόχρωση δέρματος,"Επιγονατίδες σε απόχρωση δέρματος για προπόνηση χορού, διαθέσιμες σε μεγέθη XS έως XL.",21,"XS,S,M,L,XL",Flesh,,Flesh-tone knee pads,Επιγονατίδες σε απόχρωση δέρματος,,
DY8010,Medium-strength stretching band,Medium-strength resistance band for stretching exercises.,Λάστιχο διατάσεων μεσαίας αντίστασης,Λάστιχο μεσαίας αντίστασης για ασκήσεις διατάσεων.,9,,,,Medium-strength stretching band,Λάστιχο διατάσεων μεσαίας αντίστασης,,
DY8027-PINK,"Pink elastic stretch band, 97 cm",Pink elastic stretch band measuring 97 cm.,Ροζ ελαστικό λάστιχο διατάσεων 97 cm,Ροζ ελαστικό λάστιχο διατάσεων μήκους 97 cm.,8,,Pink,,"Pink elastic stretch band, 97 cm",Ροζ ελαστικό λάστιχο διατάσεων 97 cm,,
DY8027-SKY-BLUE,"Sky-blue elastic stretch band, 109 cm",Sky-blue elastic stretch band measuring 109 cm.,Γαλάζιο ελαστικό λάστιχο διατάσεων 109 cm,Γαλάζιο ελαστικό λάστιχο διατάσεων μήκους 109 cm.,12,,Sky Blue,,"Sky-blue elastic stretch band, 109 cm",Γαλάζιο ελαστικό λάστιχο διατάσεων 109 cm,,
DY8027-LAVENDER,"Lavender elastic stretch band, 131 cm",Lavender elastic stretch band measuring 131 cm.,Λεβάντα ελαστικό λάστιχο διατάσεων 131 cm,"Ελαστικό λάστιχο διατάσεων σε απόχρωση λεβάντας, μήκους 131 cm.",16,,Lavender,,"Lavender elastic stretch band, 131 cm",Λεβάντα ελαστικό λάστιχο διατάσεων 131 cm,,
DY8003,Non-slip ballet dance mouse pad,Non-slip computer mouse pad with a ballet-dance design.,Αντιολισθητικό mouse pad με θέμα το μπαλέτο,Αντιολισθητικό mouse pad υπολογιστή με σχέδιο εμπνευσμένο από το μπαλέτο.,6,,,,Non-slip ballet dance mouse pad,Αντιολισθητικό mouse pad με θέμα το μπαλέτο,,
DY8139,Ballet-shoe pencil case,Pencil case with a ballet-shoe design.,Κασετίνα με σχέδιο παπουτσιού μπαλέτου,Κασετίνα με σχέδιο παπουτσιού μπαλέτου.,16,,,,Ballet-shoe pencil case,Κασετίνα με σχέδιο παπουτσιού μπαλέτου,,
DY8026,Ballerina umbrella,Umbrella with a ballerina design.,Ομπρέλα με σχέδιο μπαλαρίνας,Ομπρέλα με σχέδιο μπαλαρίνας.,30,,,,Ballerina umbrella,Ομπρέλα με σχέδιο μπαλαρίνας,,
DY8131,Little girls' dance bag,Dance bag designed for young girls.,Τσάντα χορού για μικρά κορίτσια,Τσάντα χορού σχεδιασμένη για μικρά κορίτσια.,25,,,,Little girls' dance bag,Τσάντα χορού για μικρά κορίτσια,,
DY8103,Metallic duffle dance bag,"Metallic duffle bag for carrying dancewear and accessories, available in fuchsia, blue and black.",Μεταλλιζέ τσάντα χορού duffle,"Μεταλλιζέ τσάντα duffle για τη μεταφορά ρούχων και αξεσουάρ χορού, διαθέσιμη σε φούξια, μπλε και μαύρο.",40,,"Fuchsia, Blue, Black",,Metallic duffle dance bag,Μεταλλιζέ τσάντα χορού duffle,,
