sku,title_en,title_el_SUGGESTION,title_el_FINAL
1100,Girls' Wrap Around Chiffon Skirt,Κοριτσίστικο Κρουαζέ φούστα από σιφόν,
1101,Girls' Mock Wrap Skirt,Κοριτσίστικο Ψευτο- Κρουαζέ φούστα,
1102,Girls' Pinch Front Tank Leotard,Κοριτσίστικο με πτυχώσεις μπροστά Κορμάκι αμάνικο,
1103,Girls' Camisole Tutu Dress,Κοριτσίστικο Φόρεμα tutu,
1104,Girls' Short Sleeve Leotard w/skirt,Κοριτσίστικο Κορμάκι με κοντό μανίκι και φούστα,
1105,Girls' Flutter Sleeve Leotard w/skirt,Κοριτσίστικο με μανίκια πεταλούδα Κορμάκι με φούστα,
1106,Girls' Tank Leotard w/3 layer tutu,Κοριτσίστικο Κορμάκι αμάνικο με tutu 3 στρώσεων,
1108,Girls' Pinch Front Short Sleeve Leotard,Κοριτσίστικο με πτυχώσεις μπροστά Κορμάκι με κοντό μανίκι,
1200,Women's Wrap Around Chiffon Skirt,Γυναικείο Κρουαζέ φούστα από σιφόν,
1201,Women's Camisole Leotard,Γυναικείο Κορμάκι με λεπτές τιράντες,
1202,Women's Double Cross Back Leotard,Γυναικείο με διπλή σταυρωτή πλάτη Κορμάκι,
1668,Leather Ballet Full Sole w/ballerina,Δερμάτινο παπούτσι μπαλέτου full sole με επένδυση μπαλαρίνας,
1687,Velvet Rhythmic Half Shoes (Microfibre),Βελούδινο Παπουτσάκι ρυθμικής από μικροΐνες,
1688,Leather Ballet Full Sole,Δερμάτινο παπούτσι μπαλέτου full sole,
1689,Leather Jazz Shoe w/laces,Δερμάτινο παπούτσι jazz με κορδόνια,
1690,Slip On Leather Jazz Shoe,Δερμάτινο παπούτσι jazz χωρίς κορδόνια,
1691,Leather Ballet Full Sole (1691),Δερμάτινο παπούτσι μπαλέτου full sole,
1692,Leather Rhythmic Half Shoes,Δερμάτινο παπουτσάκι ρυθμικής,
1695,Leather Ballet Full Sole (1695),Δερμάτινο παπούτσι μπαλέτου full sole,
1696,Stretch Canvas Split Sole,Παπούτσι μπαλέτου split sole από καναβάτσο,
1698,Microfibre Rhythmic Half Shoes,Παπουτσάκι ρυθμικής από μικροΐνες,
7004,Canvas Character Low Heel,"Παπούτσι character από καναβάτσο, χαμηλή φτέρνα",
7005,Canvas Character High Heel,"Παπούτσι character από καναβάτσο, ψηλή φτέρνα",
7011,Leather Character Low Heel,"Δερμάτινο παπούτσι character, χαμηλή φτέρνα",
7012,Leather Character High Heel,"Δερμάτινο παπούτσι character, ψηλή φτέρνα",
7018,Leather Character 5.5cm High Heel,"Δερμάτινο παπούτσι character, φτέρνα 5.5 cm",
7021,Rhythmic Half Shoes (Microfibre),Παπουτσάκι ρυθμικής από μικροΐνες,
7025,Gymnastic Shoes (Leather),Δερμάτινο παπούτσι γυμναστικής,
7026,Leather Ballet Full Sole (Cowhide),Δερμάτινο παπούτσι μπαλέτου full sole (δέρμα αγελάδας),
7027,Leather Ballet Split Sole,Δερμάτινο παπούτσι μπαλέτου split sole (δέρμα αγελάδας),
7028,Foot Thong (superior),Προστατευτικό πέλματος (superior),
7031,Rhythmic Half Shoes (Leather),Παπουτσάκι ρυθμικής δερμάτινο,
7032,Leather Ballet Full Sole (Cowhide) (7032),Δερμάτινο παπούτσι μπαλέτου full sole (δέρμα αγελάδας),
7036,Leather Character T-Strap High Heel,"Δερμάτινο παπούτσι character με λουρί T, ψηλή φτέρνα",
7038,Leather Ballet Full Sole w/o laces,Δερμάτινο παπούτσι μπαλέτου full sole χωρίς κορδόνια,
7041,Foot Thong (leather),Προστατευτικό πέλματος (Δερμάτινο),
7042,Rhythmic Half Shoes (Microfibre) (7042),Παπουτσάκι ρυθμικής από μικροΐνες (7042),
7045,Booties,Παντουφλάκια,
7046,Rhythmic Half Socks (Knitted),Πλεκτή κάλτσα ρυθμικής,
7048,Gracie' Stretch Canvas Ballet Split Sole,Gracie' από καναβάτσο Παπούτσι μπαλέτου split sole,
7200,Dance Sneakers with Aerial Sole,Αθλητικά παπούτσια χορού με αερόσολα,
8000,Ballet Socks,Κάλτσες μπαλέτου,
8002,Hairband w/glitter and sequins,Κορδόνι μαλλιών με γκλίτερ και πούλιες,
8004,45cm Legwarmers w/hole,45cm Λέγκαρμερ με τρύπα φτέρνας,
8005,Elastic Waistband w/buckle,Ελαστική ζώνη με πόρπη,
8006,Girls' Footed Tight,Κοριτσίστικο Κολάν με πόδι,
8007,Hairband,Κορδόνι μαλλιών,
8008,Hairnet,Δίχτυ μαλλιών,
8009,Knee Pad,Επιγονατίδες,
8010,Girls' Footless Tight,Κοριτσίστικο Κολάν χωρίς πόδι,
8012,Stretching Band Loop,Λάστιχο διατάσεων,
8013,Turning Disk,Δίσκος στροφών,
8014,Wooden Foot Stretcher Set,Ξύλινο σετ διατάσεων ποδιού,
8015,Microfibre Socks,Κάλτσες μικροΐνες,
8016B,Stretching Loops Blue 64mm width,"Λάστιχο διατάσεων Blue, πλάτος 64 mm",
8016G,Stretching Loops Green 44mm width,"Λάστιχο διατάσεων Green, πλάτος 44 mm",
8016P,Stretching Loops Purple 32mm width,"Λάστιχο διατάσεων Purple, πλάτος 32 mm",
8016R,Stretching Loops Red 13mm width,"Λάστιχο διατάσεων Red, πλάτος 13 mm",
8017,Footroller,Ρολό ποδιού,
8018,Hairnet w/Stones,Δίχτυ μαλλιών με πέτρες,
8503,Women's Netted Skin Tight,Γυναικείο Κολάν δίχτυ,
8504,Women's Footed Tight,Γυναικείο Κολάν με πόδι,
8505,Women's Convertible Tight,Γυναικείο Μεταβατικό κολάν,
8506,Women's Prof Netted Skin Tight,Γυναικείο Επαγγελματικό κολάν δίχτυ,
8507,Women's Stirrup Tight,Γυναικείο Κολάν με λουράκι,
8508,Women's Footless Tight,Γυναικείο Κολάν χωρίς πόδι,
8509,Women's Convertible Body Tight,Γυναικείο Μεταβατικό κολάν σώματος,
8518,Women's Prof Netted Skin Tight w/stones,Γυναικείο Επαγγελματικό Κολάν δίχτυ με πέτρες,
8599,70cm Legwarmer w/hole,70cm Λέγκαρμερ με τρύπα φτέρνας,
8601,110cm Legwarmer w/hole,110cm Λέγκαρμερ με τρύπα φτέρνας,
8603,Women's Wrap Around Sweater,Γυναικείο Κρουαζέ μπλούζα,
9501,Short Sleeve Leotard w/shelf bra,Κορμάκι με κοντό μανίκι και εσωτερικό σουτιέν,
9504,Women's Hot Shorts - Supplex,Γυναικείο Σορτς - Supplex,
9505,Women's Yoga Pant - Supplex,Γυναικείο Παντελόνι yoga - Supplex,
9507,Tank Leotard w/shelf bra,Κορμάκι αμάνικο με εσωτερικό σουτιέν,
9508,Women's Jazz Pant - Supplex,Γυναικείο Παντελόνι jazz - Supplex,
9509,Women's Ankle Pant - Supplex,Γυναικείο Παντελόνι αστράγαλου - Supplex,
9804,Women's Jagged Dance Skirt,Γυναικείο Φούστα χορού με ζιγκ-ζαγκ,
9805,Wrap Around Sweater,Κρουαζέ μπλούζα,
9918,Girls' Long Sleeve Unitard,Κοριτσίστικο Ολόσωμο με μακρύ μανίκι,
9918A,Women's Long Sleeve Unitard,Γυναικείο Ολόσωμο με μακρύ μανίκι,
9919,Girls' Halter Neck Leotard,Κοριτσίστικο Κορμάκι με λαιμόκοψη halter,
9919A,Women's Halter Neck Leotard,Γυναικείο Κορμάκι με λαιμόκοψη halter,
9922,Girls' Long Sleeve Leotard,Κοριτσίστικο Κορμάκι με μακρύ μανίκι,
9922A,Women's Long Sleeve Leotard,Γυναικείο Κορμάκι με μακρύ μανίκι,
9925,Girls' Bicycle Short,Κοριτσίστικο Σορτς ποδηλάτου,
9925A,Women's Bicycle Short,Γυναικείο Σορτς ποδηλάτου,
9926,Girls' Racer Back Top,Κοριτσίστικο Μπλούζα racer back,
9926A,Women's Racer Back Top,Γυναικείο Μπλούζα racer back,
9927,Girls' Hot Short,Κοριτσίστικο Σορτς,
9927A,Women's Hot Short,Γυναικείο Σορτς,
9928,Girls' Tank Unitard,Κοριτσίστικο Ολόσωμο αμάνικο,
9928A,Women's Tank Unitard,Γυναικείο Ολόσωμο αμάνικο,
9930,Sleeveless Leotard w/mesh & collar,Αμάνικο κορμάκι με διχτυωτό ύφασμα και κολάρο,
9931,Camisole Leotard w/double cross back,Κορμάκι με λεπτές τιράντες w/με διπλή σταυρωτή πλάτη,
9932,Camisole Leotard,Κορμάκι με λεπτές τιράντες,
9933,Short Sleeve Leotard w/mesh,Κορμάκι με κοντό μανίκι και διχτυωτό ύφασμα,
9934,Sleeveless Leotard w/mesh,Αμάνικο κορμάκι με διχτυωτό ύφασμα,
9935,Tank Leotard w/mesh,Κορμάκι αμάνικο με διχτυωτό ύφασμα,
9936,Cam leo w/low criss cross straps,Κορμάκι με χαμηλά σταυρωτά λουράκια,
9937,Boatneck Leotard w/keyhole back,Κορμάκι με μπάτου λαιμόκοψη και άνοιγμα πλάτης,
9938,Camisole Leotard w/twist back,Κορμάκι με στριφτή πλάτη,
9939,3/4 Sleeve Round Neck Dress w/laces,"Φόρεμα με 3/4 μανίκι, στρογγυλή λαιμόκοψη και κορδόνια",
9940,Women's 3/4 Sleeve V Neck Dress w/laces,"Γυναικείο φόρεμα με 3/4 μανίκι, V λαιμόκοψη και κορδόνια",
9941,Women's Camisole Leotard (9941),Γυναικείο Κορμάκι με λεπτές τιράντες (9941),
9942,Girls' Short Sleeve Leotard w/skirt (9942),Κοριτσίστικο Κορμάκι με κοντό μανίκι και φούστα (9942),
9943,Girls' Cam Leo w/8 layers soft tutu,Κοριτσίστικο Κορμάκι w/8 layers soft tutu,
9944,Girls' Long Sleeve Catsuit,Κοριτσίστικο Κατσούι με μακρύ μανίκι,
9945,Women's Long Sleeve Catsuit,Γυναικείο Κατσούι με μακρύ μανίκι,
9946,Girls' Cam Leo w/8 layers hard tutu,Κοριτσίστικο Κορμάκι w/8 layers hard tutu,
9947,Women's Cam Leo w/8 layers hard tutu,Γυναικείο Κορμάκι w/8 layers hard tutu,
9948,Girls' Camisole Leotard w/tutu,Κοριτσίστικο Κορμάκι με λεπτές τιράντες με tutu,
9949,Girls' Tank Leotard w/skirt,Κοριτσίστικο Κορμάκι αμάνικο με φούστα,
9950,Stirrup Ankle Pant,Παντελόνι με λουράκι κάτω από πέλμα,
9951,Girls' Tank Leotard,Κοριτσίστικο Κορμάκι αμάνικο,
9951A,Women's Tank Leotard,Γυναικείο Κορμάκι αμάνικο,
9952,Girls' 3/4 Sleeve Leotard,Κοριτσίστικο Κορμάκι με 3/4 μανίκι,
9953,Women's Dance Dress,Γυναικείο Φόρεμα χορού,
9954,Girls' Empire Dress,Κοριτσίστικο Φόρεμα empire,
9955,Women's 3/4 Sleeve Leotard,Γυναικείο Κορμάκι με 3/4 μανίκι,
9957,Women's Empire Dress,Γυναικείο Φόρεμα empire,
9968,Girls' Character Skirt,Κοριτσίστικη φούστα character,
9970,Girls' Ankle Pant,Κοριτσίστικο Παντελόνι αστράγαλου,
9979,6-Layer Practice Tutu,Φούστα tutu προπόνησης 6 στρώσεων,
9980,Women's Lyrical Dress (Nude),Γυναικείο Φόρεμα lyrical (Nude),
9981,7-Layer Practice Tutu,Φούστα tutu προπόνησης 7 στρώσεων,
9982,3-Layer Tutu Long 45cm,"Φούστα tutu 3 στρώσεων, μακριά 45cm",
9983,3/4 Sleeve Leotard w/skirt,Κορμάκι 3/4 με φούστα,
9984,Short Sleeve Leotard w/skirt,Κορμάκι με κοντό μανίκι και φούστα,
9985,Girls' Cotton Wrap Around,Κοριτσίστικο από βαμβάκι Κρουαζέ,
9987,Girls' Wrap Around Sweater,Κοριτσίστικο Κρουαζέ μπλούζα,
9988,Tank Leotard w/lining,Κορμάκι αμάνικο με επένδυση,
9989,Camisole Leotard w/lining,Κορμάκι με λεπτές τιράντες και επένδυση,
9990,Short Sleeve Leotard,Κορμάκι με κοντό μανίκι,
9991,3/4 Sleeve Leotard,Κορμάκι με 3/4 μανίκι,
9992,Long Sleeve Leotard,Κορμάκι με μακρύ μανίκι,
9993,3-Layer Tutu,Φούστα tutu 3 στρώσεων,
9994,Girls' Pull On Georgette Skirt,Κοριτσίστικο Φούστα με λάστιχο από γκοζέτ,
9995,Girls' Wrap Around Chiffon Skirt (9995),Κοριτσίστικο Κρουαζέ φούστα από σιφόν (9995),
9996,Girls' Pull On Mock Wrap Skirt,Κοριτσίστικη φούστα ψευτο-κρουαζέ με λάστιχο,
9997,Women's Below Knee Length Skirt,Γυναικείο Φούστα κάτω από το γόνατο,
9998,Women's Wrap Around Chiffon Skirt (9998),Γυναικείο Κρουαζέ φούστα από σιφόν (9998),
BRH,Brush (Both Wooden and Plastic),Βούρτσα (ξύλινη και πλαστική),
DBP,Dance Back Pack,Σακίδιο χορού,
GP,Gel Pad,Προνόπα gel,
HCP,Heel Caps,Προστατευτικά τακουνιών,
NK10,Keychain w/ballerina shoe,Μπρελόκ με παπούτσι μπαλέτου,
NK13,Silver Necklace w/ballerina,Ασημένιο κολιέ με μπαλαρίνα,
NK9,Silver Earrings w/ballerina,Ασημένια σκουλαρίκια με μπαλαρίνα,
SMR,Satin Matt Ribbons,Σατέν κορδέλες ματ,
STRR,Stretch Ribbons,Κορδέλες διατάσεων,
TAPE,Tapes for Hoopla Hoops,Ταινίες για στεφάνι,
TC1,Tube Cushion,Μαξιλαράκι σωλήνα,
TC2,Toe Cap,Κάλυμμα δαχτύλων,
TPM,Material Toe Pad,Υλικό προστατευτικού δαχτύλων,
TPS1,Silicon Toe Pad,Προστατευτικό δαχτύλων σιλικόν,
TS1,Silicon Toe Separators (Pack of 2),Διαχωριστικά δαχτύλων σιλικόν (πακέτο 2),
TS2,Silicon Toe Separators,Διαχωριστικά δαχτύλων σιλικόν,
